disk_tb,hitrate_pct,p50_ms,p95_ms
0.0,0.0000,142.0500,246.0500
1.0,3.7200,140.1500,243.7200
2.0,15.4000,133.9300,236.2000
3.0,22.0036,130.1800,231.8000
4.0,26.6000,127.4400,228.6300
5.0,30.1696,125.2100,226.0900
6.0,32.9837,123.3800,224.0400
7.0,35.4302,121.7300,222.2300
8.0,37.5103,120.2600,220.6600
9.0,39.3243,118.9300,219.2700
10.0,40.7833,117.8200,218.1400
11.0,42.2143,116.6900,217.0100
12.0,43.4738,115.6500,216.0100
13.0,44.2857,114.9600,215.3700
14.0,45.5604,113.8300,214.3400
15.0,46.5586,112.9000,213.5200
16.0,47.4309,112.0400,212.8100
17.0,48.2710,111.1700,212.1100
18.0,49.0568,110.3100,211.4500
19.0,49.7973,109.4700,210.8300
20.0,50.4714,108.6600,210.2600
21.0,51.1268,107.8200,209.7000
22.0,51.7750,106.9300,209.1400
23.0,52.3978,106.0200,208.6100
24.0,52.9116,105.2000,208.1600
25.0,53.4698,104.2600,207.6700
26.0,53.9260,103.4300,207.2700
27.0,54.4500,102.3900,206.8000
28.0,54.9744,101.2500,206.3400
29.0,55.4245,100.1500,205.9300
30.0,55.7976,99.1500,205.5900
31.0,56.2615,97.8100,205.1700
32.0,56.6542,96.5900,204.8100
33.0,56.9485,95.6200,204.5400
34.0,57.3134,94.3500,204.2000
35.0,57.8028,92.6200,203.7400
36.0,58.0950,91.5700,203.4700
37.0,58.0999,91.5500,203.4700
38.0,58.8018,89.0200,202.8000
39.0,59.0182,88.2300,202.6000
40.0,59.3233,87.0900,202.3000
41.0,59.6267,85.9400,202.0100
42.0,59.9193,84.8400,201.7300
43.0,60.0929,84.2100,201.5600
44.0,60.3634,83.2200,201.2900
45.0,60.4969,82.7400,201.1600
46.0,61.1842,80.1900,200.4900
47.0,61.4355,78.9500,200.2400
48.0,61.4988,78.6300,200.1700
49.0,61.8904,76.7100,199.7800
50.0,62.3360,74.8900,199.3300
51.0,62.5070,74.4200,199.1600
52.0,62.6111,74.1400,199.0500
53.0,63.1956,72.5700,198.4600
54.0,63.1992,72.5600,198.4600
55.0,63.5255,71.7100,198.1200
56.0,63.8761,70.8100,197.7600
57.0,63.8966,70.7600,197.7400
58.0,64.4111,69.5100,197.2000
59.0,64.4984,69.3000,197.1000
60.0,64.7186,68.8000,196.8700
61.0,64.9606,68.2500,196.6100
62.0,65.1973,67.7100,196.3600
63.0,65.1989,67.7100,196.3600
64.0,65.3487,67.3800,196.2000
65.0,65.5727,66.8900,195.9600
66.0,65.7927,66.4100,195.7200
67.0,65.8901,66.2000,195.6100
68.0,66.1959,65.5700,195.2800
69.0,66.4023,65.1400,195.0500
70.0,66.4985,64.9500,194.9500
71.0,66.4998,64.9500,194.9500
72.0,66.8673,64.2500,194.5400
73.0,66.8990,64.1900,194.5100
74.0,67.1766,63.6700,194.2000
75.0,67.1876,63.6500,194.1900
76.0,67.1988,63.6300,194.1700
77.0,67.4933,63.0800,193.8400
78.0,67.6013,62.8900,193.7200
79.0,67.7303,62.6500,193.5800
80.0,67.7989,62.5300,193.5000
81.0,67.7994,62.5300,193.5000
82.0,67.7999,62.5300,193.5000
83.0,67.9791,62.2100,193.3000
84.0,68.0161,62.1400,193.2500
85.0,68.0531,62.0800,193.2100
86.0,68.0898,62.0100,193.1700
87.0,68.4967,61.3000,192.7000
88.0,68.4978,61.3000,192.7000
89.0,68.4990,61.3000,192.7000
90.0,68.7103,60.9300,192.4600
91.0,68.8120,60.7700,192.3400
92.0,68.9182,60.5900,192.2200
93.0,69.0255,60.4100,192.0900
94.0,69.0995,60.2900,192.0100
95.0,69.1994,60.1300,191.8900
96.0,69.2772,60.0000,191.8000
97.0,69.3621,59.8700,191.7000
98.0,69.4462,59.7400,191.6000
99.0,69.4997,59.6600,191.5400
100.0,69.6272,59.4700,191.3900
101.0,69.6985,59.3600,191.3100
102.0,69.7706,59.2500,191.2200
103.0,69.8426,59.1400,191.1300
104.0,69.8995,59.0500,191.0700
105.0,70.0201,58.8700,190.9200
106.0,70.0882,58.7700,190.8400
107.0,70.1556,58.6700,190.7600
108.0,70.2236,58.5700,190.6800
109.0,70.2917,58.4700,190.6000
110.0,70.3915,58.3200,190.4800
111.0,70.3983,58.3100,190.4700
112.0,70.3987,58.3100,190.4700
113.0,70.3991,58.3100,190.4700
114.0,70.3995,58.3100,190.4700
115.0,70.3999,58.3100,190.4700
116.0,70.8264,57.6900,189.9600
117.0,70.8865,57.6100,189.8900
118.0,70.9460,57.5200,189.8100
119.0,71.0061,57.4300,189.7400
120.0,71.0663,57.3500,189.6700
121.0,71.0997,57.3000,189.6300
122.0,71.2360,57.1100,189.4600
123.0,71.2948,57.0200,189.3900
124.0,71.3530,56.9400,189.3200
125.0,71.4118,56.8600,189.2500
126.0,71.4706,56.7800,189.1800
127.0,71.5979,56.6000,189.0200
128.0,71.6088,56.5900,189.0100
129.0,71.6630,56.5100,188.9400
130.0,71.7166,56.4400,188.8800
131.0,71.7707,56.3600,188.8100
132.0,71.8249,56.2900,188.7400
133.0,71.8785,56.2100,188.6800
134.0,71.9978,56.0500,188.5300
135.0,71.9981,56.0500,188.5300
136.0,71.9985,56.0500,188.5300
137.0,71.9988,56.0500,188.5300
138.0,71.9992,56.0500,188.5300
139.0,71.9995,56.0500,188.5300
140.0,71.9999,56.0400,188.5300
141.0,72.5958,55.2700,187.7800
142.0,72.5968,55.2700,187.7800
143.0,72.5979,55.2700,187.7800
144.0,72.5989,55.2600,187.7800
145.0,72.5999,55.2600,187.7800
146.0,72.9904,54.7800,187.2900
147.0,73.0222,54.7400,187.2500
148.0,73.0739,54.6800,187.1800
149.0,73.1257,54.6200,187.1200
150.0,73.1769,54.5600,187.0500
151.0,73.2287,54.5000,186.9800
152.0,73.2805,54.4400,186.9200
153.0,73.2995,54.4100,186.8900
154.0,73.2996,54.4100,186.8900
155.0,73.2997,54.4100,186.8900
156.0,73.2997,54.4100,186.8900
157.0,73.2998,54.4100,186.8900
158.0,73.2999,54.4100,186.8900
159.0,73.3000,54.4100,186.8900
160.0,73.5111,54.1700,186.6200
161.0,73.5329,54.1400,186.6000
162.0,73.5544,54.1100,186.5700
163.0,73.5762,54.0900,186.5400
164.0,73.5980,54.0600,186.5100
165.0,73.6910,53.9600,186.3900
166.0,73.7579,53.8800,186.3100
167.0,73.8297,53.8000,186.2100
168.0,73.9182,53.6900,186.1000
169.0,74.0952,53.4900,185.8700
170.0,74.4602,53.0800,185.4000
171.0,74.5532,52.9700,185.2800
172.0,74.7305,52.7700,185.0400
173.0,74.7954,52.7000,184.9600
174.0,74.8289,52.6600,184.9100
175.0,74.8605,52.6300,184.8700
176.0,74.8916,52.5900,184.8300
177.0,74.8998,52.5900,184.8200
178.0,74.9000,52.5900,184.8200
179.0,74.9916,52.4800,184.7000
180.0,74.9941,52.4800,184.7000
181.0,74.9965,52.4800,184.6900
182.0,74.9990,52.4800,184.6900
183.0,75.1858,52.2700,184.4500
184.0,75.1912,52.2600,184.4400
185.0,75.1965,52.2600,184.4300
186.0,75.2116,52.2400,184.4100
187.0,75.2460,52.2000,184.3700
188.0,75.2801,52.1600,184.3200
189.0,75.3146,52.1300,184.2800
190.0,75.3490,52.0900,184.2300
191.0,75.3831,52.0500,184.1900
192.0,75.3997,52.0300,184.1600
193.0,75.3998,52.0300,184.1600
194.0,75.3999,52.0300,184.1600
195.0,75.4000,52.0300,184.1600
196.0,75.6795,51.7300,183.7900
197.0,75.6912,51.7200,183.7800
198.0,75.7962,51.6100,183.6400
199.0,75.8124,51.5900,183.6200
200.0,75.8524,51.5500,183.5600
201.0,75.8928,51.5000,183.5100
202.0,75.9332,51.4600,183.4500
203.0,75.9732,51.4200,183.4000
204.0,75.9996,51.3900,183.3700
205.0,75.9996,51.3900,183.3600
206.0,75.9997,51.3900,183.3600
207.0,75.9997,51.3900,183.3600
208.0,75.9997,51.3900,183.3600
209.0,75.9998,51.3900,183.3600
210.0,75.9998,51.3900,183.3600
211.0,75.9998,51.3900,183.3600
212.0,75.9999,51.3900,183.3600
213.0,75.9999,51.3900,183.3600
214.0,75.9999,51.3900,183.3600
215.0,76.0000,51.3900,183.3600
216.0,76.2762,51.0900,182.9900
217.0,76.2970,51.0700,182.9600
218.0,76.3971,50.9700,182.8300
219.0,76.3974,50.9700,182.8300
220.0,76.3977,50.9700,182.8300
221.0,76.3981,50.9700,182.8300
222.0,76.3984,50.9700,182.8300
223.0,76.3987,50.9700,182.8300
224.0,76.3991,50.9700,182.8300
225.0,76.3994,50.9700,182.8200
226.0,76.3997,50.9600,182.8200
227.0,76.5893,50.7800,182.5700
228.0,76.5993,50.7700,182.5500
229.0,76.6816,50.6800,182.4400
230.0,76.6834,50.6800,182.4400
231.0,76.6852,50.6800,182.4400
232.0,76.6870,50.6800,182.4300
233.0,76.6888,50.6800,182.4300
234.0,76.6906,50.6800,182.4300
235.0,76.6924,50.6700,182.4300
236.0,76.6942,50.6700,182.4300
237.0,76.6960,50.6700,182.4200
238.0,76.6978,50.6700,182.4200
239.0,76.6996,50.6700,182.4200
240.0,76.7143,50.6500,182.4000
241.0,76.7330,50.6300,182.3700
242.0,76.7518,50.6200,182.3500
243.0,76.7703,50.6000,182.3200
244.0,76.7890,50.5800,182.3000
245.0,76.8077,50.5600,182.2700
246.0,76.8263,50.5400,182.2400
247.0,76.8450,50.5200,182.2200
248.0,76.8637,50.5000,182.1900
249.0,76.8822,50.4900,182.1700
250.0,76.9093,50.4600,182.1300
251.0,76.9987,50.3700,182.0100
252.0,76.9998,50.3700,182.0000
253.0,77.1395,50.2300,181.8100
254.0,77.1468,50.2200,181.8000
255.0,77.1540,50.2200,181.7900
256.0,77.1614,50.2100,181.7800
257.0,77.1687,50.2000,181.7700
258.0,77.1759,50.2000,181.7600
259.0,77.1833,50.1900,181.7500
260.0,77.1906,50.1800,181.7400
261.0,77.1978,50.1700,181.7300
262.0,77.3576,50.0200,181.5100
263.0,77.3688,50.0100,181.5000
264.0,77.3799,50.0000,181.4800
265.0,77.3911,49.9900,181.4700
266.0,77.5606,49.8300,181.2300
267.0,77.7005,49.7100,181.0300
268.0,77.7452,49.6700,180.9700
269.0,77.7900,49.6300,180.9100
270.0,77.8342,49.5900,180.8500
271.0,77.8790,49.5500,180.7800
272.0,77.9905,49.4500,180.6300
273.0,77.9915,49.4500,180.6300
274.0,77.9926,49.4500,180.6200
275.0,77.9937,49.4500,180.6200
276.0,77.9948,49.4500,180.6200
277.0,77.9958,49.4500,180.6200
278.0,77.9969,49.4500,180.6200
279.0,77.9980,49.4500,180.6200
280.0,77.9991,49.4500,180.6100
281.0,78.0530,49.4000,180.5400
282.0,78.0829,49.3700,180.5000
283.0,78.1925,49.2800,180.3400
284.0,78.1929,49.2800,180.3400
285.0,78.1934,49.2800,180.3400
286.0,78.1939,49.2700,180.3400
287.0,78.1944,49.2700,180.3400
288.0,78.1949,49.2700,180.3400
289.0,78.1954,49.2700,180.3400
290.0,78.1959,49.2700,180.3400
291.0,78.1964,49.2700,180.3400
292.0,78.1969,49.2700,180.3400
293.0,78.1974,49.2700,180.3300
294.0,78.1979,49.2700,180.3300
295.0,78.1984,49.2700,180.3300
296.0,78.1989,49.2700,180.3300
297.0,78.1994,49.2700,180.3300
298.0,78.1999,49.2700,180.3300
299.0,78.4955,49.0100,179.9100
300.0,78.4958,49.0100,179.9100
301.0,78.4962,49.0100,179.9100
302.0,78.4965,49.0100,179.9100
303.0,78.4968,49.0100,179.9100
304.0,78.4972,49.0100,179.9100
305.0,78.4975,49.0100,179.9100
306.0,78.4979,49.0100,179.9100
307.0,78.4982,49.0100,179.9100
308.0,78.4986,49.0100,179.9100
309.0,78.4989,49.0100,179.9100
310.0,78.4993,49.0100,179.9000
311.0,78.4996,49.0100,179.9000
312.0,78.5000,49.0100,179.9000
313.0,78.7933,48.7500,179.4900
314.0,78.7937,48.7500,179.4900
315.0,78.7941,48.7500,179.4900
316.0,78.7944,48.7500,179.4900
317.0,78.7948,48.7500,179.4800
318.0,78.7952,48.7500,179.4800
319.0,78.7955,48.7500,179.4800
320.0,78.7959,48.7500,179.4800
321.0,78.7963,48.7500,179.4800
322.0,78.7967,48.7500,179.4800
323.0,78.7970,48.7500,179.4800
324.0,78.7974,48.7500,179.4800
325.0,78.7978,48.7500,179.4800
326.0,78.7981,48.7500,179.4800
327.0,78.7985,48.7500,179.4800
328.0,78.7989,48.7500,179.4800
329.0,78.7992,48.7500,179.4800
330.0,78.7996,48.7500,179.4800
331.0,78.8000,48.7500,179.4800
332.0,78.9292,48.6400,179.2900
333.0,78.9621,48.6100,179.2400
334.0,78.9946,48.5800,179.2000
335.0,79.0751,48.5100,179.0800
336.0,79.0854,48.5000,179.0700
337.0,79.0958,48.4900,179.0500
338.0,79.1938,48.4100,178.9100
339.0,79.1958,48.4100,178.9100
340.0,79.1979,48.4000,178.9000
341.0,79.2000,48.4000,178.9000
342.0,79.3832,48.2500,178.6300
343.0,79.3849,48.2400,178.6300
344.0,79.3865,48.2400,178.6300
345.0,79.3881,48.2400,178.6300
346.0,79.3897,48.2400,178.6300
347.0,79.3914,48.2400,178.6200
348.0,79.3930,48.2400,178.6200
349.0,79.3946,48.2400,178.6200
350.0,79.3962,48.2400,178.6200
351.0,79.3978,48.2300,178.6100
352.0,79.3995,48.2300,178.6100
353.0,79.4831,48.1600,178.4900
354.0,79.4879,48.1600,178.4800
355.0,79.4928,48.1500,178.4800
356.0,79.4977,48.1500,178.4700
357.0,79.5694,48.0900,178.3600
358.0,79.5992,48.0600,178.3200
359.0,79.6000,48.0600,178.3200
360.0,79.6980,47.9800,178.1700
361.0,79.6981,47.9800,178.1700
362.0,79.6982,47.9800,178.1700
363.0,79.6984,47.9800,178.1700
364.0,79.6985,47.9800,178.1700
365.0,79.6986,47.9800,178.1700
366.0,79.6988,47.9800,178.1700
367.0,79.6989,47.9800,178.1700
368.0,79.6990,47.9800,178.1700
369.0,79.6991,47.9800,178.1700
370.0,79.6993,47.9800,178.1700
371.0,79.6994,47.9800,178.1700
372.0,79.6995,47.9800,178.1700
373.0,79.6997,47.9800,178.1700
374.0,79.6998,47.9800,178.1700
375.0,79.6999,47.9800,178.1700
376.0,79.9803,47.7400,177.7600
377.0,79.9815,47.7400,177.7500
378.0,79.9827,47.7400,177.7500
379.0,79.9839,47.7400,177.7500
380.0,79.9851,47.7400,177.7500
381.0,79.9863,47.7400,177.7500
382.0,79.9875,47.7400,177.7500
383.0,79.9887,47.7400,177.7400
384.0,79.9899,47.7400,177.7400
385.0,79.9911,47.7300,177.7400
386.0,79.9923,47.7300,177.7400
387.0,79.9935,47.7300,177.7400
388.0,79.9947,47.7300,177.7400
389.0,79.9959,47.7300,177.7300
390.0,79.9971,47.7300,177.7300
391.0,79.9983,47.7300,177.7300
392.0,79.9995,47.7300,177.7300
393.0,80.0888,47.6500,177.6000
394.0,80.0950,47.6500,177.5900
395.0,80.1876,47.5700,177.4500
396.0,80.1883,47.5700,177.4500
397.0,80.1891,47.5700,177.4500
398.0,80.1899,47.5700,177.4500
399.0,80.1906,47.5700,177.4400
400.0,80.1914,47.5700,177.4400
401.0,80.1921,47.5700,177.4400
402.0,80.1929,47.5700,177.4400
403.0,80.1936,47.5700,177.4400
404.0,80.1944,47.5700,177.4400
405.0,80.1952,47.5700,177.4400
406.0,80.1959,47.5600,177.4400
407.0,80.1967,47.5600,177.4400
408.0,80.1974,47.5600,177.4300
409.0,80.1982,47.5600,177.4300
410.0,80.1989,47.5600,177.4300
411.0,80.1997,47.5600,177.4300
412.0,80.2826,47.4900,177.3100
413.0,80.2871,47.4900,177.3000
414.0,80.2916,47.4900,177.2900
415.0,80.2961,47.4800,177.2900
416.0,80.4011,47.3900,177.1300
417.0,80.4089,47.3900,177.1200
418.0,80.4165,47.3800,177.1000
419.0,80.4243,47.3800,177.0900
420.0,80.4321,47.3700,177.0800
421.0,80.4397,47.3600,177.0700
422.0,80.4475,47.3600,177.0600
423.0,80.4553,47.3500,177.0500
424.0,80.4629,47.3400,177.0300
425.0,80.4707,47.3400,177.0200
426.0,80.4785,47.3300,177.0100
427.0,80.4861,47.3200,177.0000
428.0,80.4939,47.3200,176.9900
429.0,80.5808,47.2500,176.8600
430.0,80.5855,47.2400,176.8500
431.0,80.5902,47.2400,176.8400
432.0,80.5949,47.2300,176.8400
433.0,80.5996,47.2300,176.8300
434.0,80.6923,47.1500,176.6900
435.0,80.6930,47.1500,176.6900
436.0,80.6938,47.1500,176.6900
437.0,80.6945,47.1500,176.6900
438.0,80.6952,47.1500,176.6800
439.0,80.6960,47.1500,176.6800
440.0,80.6967,47.1500,176.6800
441.0,80.6975,47.1500,176.6800
442.0,80.6982,47.1500,176.6800
443.0,80.6990,47.1500,176.6800
444.0,80.6997,47.1500,176.6800
445.0,80.7935,47.0700,176.5400
446.0,80.7958,47.0700,176.5300
447.0,80.7981,47.0700,176.5300
448.0,80.8380,47.0300,176.4700
449.0,80.8981,46.9900,176.3800
450.0,80.8982,46.9900,176.3800
451.0,80.8983,46.9900,176.3800
452.0,80.8984,46.9900,176.3800
453.0,80.8984,46.9800,176.3800
454.0,80.8985,46.9800,176.3800
455.0,80.8986,46.9800,176.3800
456.0,80.8987,46.9800,176.3800
457.0,80.8988,46.9800,176.3800
458.0,80.8989,46.9800,176.3700
459.0,80.8990,46.9800,176.3700
460.0,80.8991,46.9800,176.3700
461.0,80.8992,46.9800,176.3700
462.0,80.8993,46.9800,176.3700
463.0,80.8994,46.9800,176.3700
464.0,80.8995,46.9800,176.3700
465.0,80.8996,46.9800,176.3700
466.0,80.8997,46.9800,176.3700
467.0,80.8998,46.9800,176.3700
468.0,80.8999,46.9800,176.3700
469.0,80.9000,46.9800,176.3700
470.0,80.9936,46.9100,176.2300
471.0,80.9941,46.9100,176.2300
472.0,80.9946,46.9100,176.2300
473.0,80.9951,46.9100,176.2300
474.0,80.9956,46.9100,176.2300
475.0,80.9960,46.9100,176.2300
476.0,80.9965,46.9100,176.2300
477.0,80.9970,46.9100,176.2200
478.0,80.9975,46.9100,176.2200
479.0,80.9980,46.9100,176.2200
480.0,80.9984,46.9000,176.2200
481.0,80.9989,46.9000,176.2200
482.0,80.9994,46.9000,176.2200
483.0,80.9999,46.9000,176.2200
484.0,81.1681,46.7700,175.9600
485.0,81.1701,46.7700,175.9600
486.0,81.1721,46.7700,175.9500
487.0,81.1741,46.7600,175.9500
488.0,81.1761,46.7600,175.9500
489.0,81.1781,46.7600,175.9500
490.0,81.1801,46.7600,175.9400
491.0,81.1820,46.7600,175.9400
492.0,81.1840,46.7600,175.9400
493.0,81.1860,46.7500,175.9300
494.0,81.1880,46.7500,175.9300
495.0,81.1900,46.7500,175.9300
496.0,81.1920,46.7500,175.9200
497.0,81.1940,46.7500,175.9200
498.0,81.1960,46.7500,175.9200
499.0,81.1980,46.7400,175.9200
500.0,81.2000,46.7400,175.9100
501.0,81.2954,46.6700,175.7700
502.0,81.2961,46.6700,175.7700
503.0,81.2969,46.6700,175.7600
504.0,81.2976,46.6700,175.7600
505.0,81.2984,46.6600,175.7600
506.0,81.2992,46.6600,175.7600
507.0,81.2999,46.6600,175.7600
508.0,81.3887,46.5900,175.6200
509.0,81.3901,46.5900,175.6200
510.0,81.3916,46.5900,175.6200
511.0,81.3930,46.5900,175.6200
512.0,81.3944,46.5900,175.6100
513.0,81.3959,46.5900,175.6100
514.0,81.3973,46.5900,175.6100
515.0,81.3987,46.5800,175.6100
516.0,81.4008,46.5800,175.6000
517.0,81.4089,46.5800,175.5900
518.0,81.4171,46.5700,175.5800
519.0,81.4253,46.5600,175.5700
520.0,81.4333,46.5600,175.5500
521.0,81.4415,46.5500,175.5400
522.0,81.4497,46.5400,175.5300
523.0,81.4578,46.5400,175.5200
524.0,81.4659,46.5300,175.5000
525.0,81.4741,46.5200,175.4900
526.0,81.4822,46.5200,175.4800
527.0,81.4903,46.5100,175.4700
528.0,81.4984,46.5000,175.4500
529.0,81.4999,46.5000,175.4500
530.0,81.4999,46.5000,175.4500
531.0,81.5000,46.5000,175.4500
532.0,81.5000,46.5000,175.4500
533.0,81.5000,46.5000,175.4500
534.0,81.5298,46.4800,175.4100
535.0,81.5979,46.4300,175.3000
536.0,81.5980,46.4300,175.3000
537.0,81.5981,46.4300,175.3000
538.0,81.5982,46.4300,175.3000
539.0,81.5983,46.4300,175.3000
540.0,81.5984,46.4300,175.3000
541.0,81.5984,46.4300,175.3000
542.0,81.5985,46.4300,175.3000
543.0,81.5986,46.4300,175.3000
544.0,81.5987,46.4300,175.3000
545.0,81.5988,46.4200,175.3000
546.0,81.5989,46.4200,175.3000
547.0,81.5989,46.4200,175.3000
548.0,81.5990,46.4200,175.3000
549.0,81.5991,46.4200,175.3000
550.0,81.5992,46.4200,175.3000
551.0,81.5993,46.4200,175.3000
552.0,81.5994,46.4200,175.3000
553.0,81.5994,46.4200,175.3000
554.0,81.5995,46.4200,175.3000
555.0,81.5996,46.4200,175.3000
556.0,81.5997,46.4200,175.3000
557.0,81.5998,46.4200,175.3000
558.0,81.5999,46.4200,175.3000
559.0,81.6000,46.4200,175.3000
560.0,81.6168,46.4100,175.2700
561.0,81.6560,46.3800,175.2100
562.0,81.6952,46.3500,175.1500
563.0,81.7524,46.3000,175.0600
564.0,81.7553,46.3000,175.0500
565.0,81.7582,46.3000,175.0500
566.0,81.7610,46.3000,175.0400
567.0,81.7638,46.2900,175.0400
568.0,81.7667,46.2900,175.0300
569.0,81.7695,46.2900,175.0300
570.0,81.7724,46.2900,175.0300
571.0,81.7752,46.2800,175.0200
572.0,81.7781,46.2800,175.0200
573.0,81.7809,46.2800,175.0100
574.0,81.7838,46.2800,175.0100
575.0,81.7866,46.2800,175.0000
576.0,81.7895,46.2700,175.0000
577.0,81.7923,46.2700,174.9900
578.0,81.7951,46.2700,174.9900
579.0,81.7980,46.2700,174.9900
580.0,81.8592,46.2200,174.8900
581.0,81.8980,46.1900,174.8300
582.0,81.8981,46.1900,174.8300
583.0,81.8982,46.1900,174.8300
584.0,81.8982,46.1900,174.8300
585.0,81.8983,46.1900,174.8300
586.0,81.8984,46.1900,174.8300
587.0,81.8985,46.1900,174.8300
588.0,81.8985,46.1900,174.8300
589.0,81.8986,46.1900,174.8300
590.0,81.8987,46.1900,174.8300
591.0,81.8987,46.1900,174.8300
592.0,81.8988,46.1900,174.8300
593.0,81.8989,46.1900,174.8300
594.0,81.8990,46.1900,174.8300
595.0,81.8990,46.1900,174.8300
596.0,81.8991,46.1900,174.8300
597.0,81.8992,46.1900,174.8300
598.0,81.8992,46.1900,174.8300
599.0,81.8993,46.1900,174.8300
600.0,81.8994,46.1900,174.8300
601.0,81.8995,46.1900,174.8300
602.0,81.8995,46.1900,174.8300
603.0,81.8996,46.1900,174.8300
604.0,81.8997,46.1900,174.8300
605.0,81.8998,46.1900,174.8300
606.0,81.8998,46.1900,174.8300
607.0,81.8999,46.1900,174.8300
608.0,81.9000,46.1900,174.8300
609.0,81.9052,46.1800,174.8200
610.0,81.9142,46.1700,174.8100
611.0,81.9232,46.1700,174.7900
612.0,81.9322,46.1600,174.7800
613.0,81.9411,46.1500,174.7600
614.0,81.9501,46.1500,174.7500
615.0,81.9592,46.1400,174.7400
616.0,81.9681,46.1300,174.7200
617.0,81.9771,46.1200,174.7100
618.0,81.9861,46.1200,174.6900
619.0,81.9950,46.1100,174.6800
620.0,82.0892,46.0400,174.5300
621.0,82.0899,46.0300,174.5300
622.0,82.0906,46.0300,174.5300
623.0,82.0914,46.0300,174.5300
624.0,82.0921,46.0300,174.5300
625.0,82.0929,46.0300,174.5300
626.0,82.0936,46.0300,174.5300
627.0,82.0943,46.0300,174.5300
628.0,82.0951,46.0300,174.5200
629.0,82.0958,46.0300,174.5200
630.0,82.0966,46.0300,174.5200
631.0,82.0973,46.0300,174.5200
632.0,82.0980,46.0300,174.5200
633.0,82.0988,46.0300,174.5200
634.0,82.0995,46.0300,174.5200
635.0,82.1802,45.9700,174.3900
636.0,82.1807,45.9700,174.3900
637.0,82.1813,45.9600,174.3900
638.0,82.1819,45.9600,174.3900
639.0,82.1824,45.9600,174.3900
640.0,82.1830,45.9600,174.3900
641.0,82.1835,45.9600,174.3900
642.0,82.1841,45.9600,174.3800
643.0,82.1847,45.9600,174.3800
644.0,82.1852,45.9600,174.3800
645.0,82.1858,45.9600,174.3800
646.0,82.1863,45.9600,174.3800
647.0,82.1869,45.9600,174.3800
648.0,82.1875,45.9600,174.3800
649.0,82.1880,45.9600,174.3800
650.0,82.1886,45.9600,174.3800
651.0,82.1891,45.9600,174.3800
652.0,82.1897,45.9600,174.3800
653.0,82.1903,45.9600,174.3700
654.0,82.1908,45.9600,174.3700
655.0,82.1914,45.9600,174.3700
656.0,82.1919,45.9600,174.3700
657.0,82.1925,45.9600,174.3700
658.0,82.1931,45.9600,174.3700
659.0,82.1936,45.9600,174.3700
660.0,82.1942,45.9600,174.3700
661.0,82.1948,45.9600,174.3700
662.0,82.1953,45.9500,174.3700
663.0,82.1959,45.9500,174.3700
664.0,82.1964,45.9500,174.3700
665.0,82.1970,45.9500,174.3600
666.0,82.1976,45.9500,174.3600
667.0,82.1981,45.9500,174.3600
668.0,82.1987,45.9500,174.3600
669.0,82.1992,45.9500,174.3600
670.0,82.1998,45.9500,174.3600
671.0,82.2047,45.9500,174.3500
672.0,82.2121,45.9400,174.3400
673.0,82.2196,45.9400,174.3300
674.0,82.2270,45.9300,174.3200
675.0,82.2344,45.9300,174.3100
676.0,82.2418,45.9200,174.2900
677.0,82.2492,45.9200,174.2800
678.0,82.2566,45.9100,174.2700
679.0,82.2641,45.9000,174.2600
680.0,82.2715,45.9000,174.2500
681.0,82.2789,45.8900,174.2300
682.0,82.2863,45.8900,174.2200
683.0,82.2937,45.8800,174.2100
684.0,82.3500,45.8400,174.1200
685.0,82.3967,45.8100,174.0500
686.0,82.3968,45.8100,174.0500
687.0,82.3969,45.8100,174.0500
688.0,82.3969,45.8100,174.0500
689.0,82.3970,45.8100,174.0500
690.0,82.3971,45.8100,174.0500
691.0,82.3971,45.8100,174.0500
692.0,82.3972,45.8100,174.0500
693.0,82.3973,45.8100,174.0500
694.0,82.3973,45.8100,174.0500
695.0,82.3974,45.8100,174.0500
696.0,82.3975,45.8100,174.0500
697.0,82.3975,45.8100,174.0500
698.0,82.3976,45.8100,174.0500
699.0,82.3977,45.8100,174.0500
700.0,82.3977,45.8100,174.0500
701.0,82.3978,45.8100,174.0500
702.0,82.3979,45.8100,174.0500
703.0,82.3979,45.8100,174.0500
704.0,82.3980,45.8100,174.0500
705.0,82.3981,45.8100,174.0500
706.0,82.3981,45.8100,174.0500
707.0,82.3982,45.8100,174.0500
708.0,82.3983,45.8100,174.0500
709.0,82.3983,45.8100,174.0500
710.0,82.3984,45.8100,174.0500
711.0,82.3985,45.8100,174.0500
712.0,82.3985,45.8100,174.0400
713.0,82.3986,45.8100,174.0400
714.0,82.3987,45.8100,174.0400
715.0,82.3987,45.8100,174.0400
716.0,82.3988,45.8100,174.0400
717.0,82.3989,45.8100,174.0400
718.0,82.3989,45.8100,174.0400
719.0,82.3990,45.8100,174.0400
720.0,82.3991,45.8100,174.0400
721.0,82.3991,45.8100,174.0400
722.0,82.3992,45.8100,174.0400
723.0,82.3993,45.8100,174.0400
724.0,82.3993,45.8100,174.0400
725.0,82.3994,45.8100,174.0400
726.0,82.3995,45.8100,174.0400
727.0,82.3995,45.8100,174.0400
728.0,82.3996,45.8100,174.0400
729.0,82.3997,45.8100,174.0400
730.0,82.3997,45.8100,174.0400
731.0,82.3998,45.8100,174.0400
732.0,82.3999,45.8100,174.0400
733.0,82.3999,45.8100,174.0400
734.0,82.4000,45.8100,174.0400
735.0,82.4775,45.7500,173.9200
736.0,82.4806,45.7500,173.9200
737.0,82.4838,45.7500,173.9100
738.0,82.4869,45.7400,173.9100
739.0,82.4901,45.7400,173.9000
740.0,82.4933,45.7400,173.9000
741.0,82.4964,45.7400,173.8900
742.0,82.4996,45.7300,173.8900
743.0,82.5966,45.6600,173.7300
744.0,82.5967,45.6600,173.7300
745.0,82.5968,45.6600,173.7300
746.0,82.5969,45.6600,173.7300
747.0,82.5969,45.6600,173.7300
748.0,82.5970,45.6600,173.7300
749.0,82.5971,45.6600,173.7300
750.0,82.5972,45.6600,173.7300
751.0,82.5973,45.6600,173.7300
752.0,82.5974,45.6600,173.7300
753.0,82.5974,45.6600,173.7300
754.0,82.5975,45.6600,173.7300
755.0,82.5976,45.6600,173.7300
756.0,82.5977,45.6600,173.7300
757.0,82.5978,45.6600,173.7300
758.0,82.5979,45.6600,173.7300
759.0,82.5979,45.6600,173.7300
760.0,82.5980,45.6600,173.7300
761.0,82.5981,45.6600,173.7300
762.0,82.5982,45.6600,173.7300
763.0,82.5983,45.6600,173.7300
764.0,82.5984,45.6600,173.7300
765.0,82.5984,45.6600,173.7300
766.0,82.5985,45.6600,173.7300
767.0,82.5986,45.6600,173.7300
768.0,82.5987,45.6600,173.7300
769.0,82.5988,45.6600,173.7300
770.0,82.5989,45.6600,173.7300
771.0,82.5989,45.6600,173.7300
772.0,82.5990,45.6600,173.7300
773.0,82.5991,45.6600,173.7300
774.0,82.5992,45.6600,173.7300
775.0,82.5993,45.6600,173.7300
776.0,82.5994,45.6600,173.7300
777.0,82.5994,45.6600,173.7300
778.0,82.5995,45.6600,173.7300
779.0,82.5996,45.6600,173.7300
780.0,82.5997,45.6600,173.7300
781.0,82.5998,45.6600,173.7300
782.0,82.5999,45.6600,173.7300
783.0,82.6000,45.6600,173.7300
784.0,82.6016,45.6600,173.7200
785.0,82.6055,45.6600,173.7200
786.0,82.6094,45.6500,173.7100
787.0,82.6133,45.6500,173.7100
788.0,82.6172,45.6500,173.7000
789.0,82.6212,45.6500,173.6900
790.0,82.6251,45.6400,173.6900
791.0,82.6290,45.6400,173.6800
792.0,82.6329,45.6400,173.6700
793.0,82.6368,45.6300,173.6700
794.0,82.6408,45.6300,173.6600
795.0,82.6447,45.6300,173.6600
796.0,82.6486,45.6300,173.6500
797.0,82.6525,45.6200,173.6400
798.0,82.6564,45.6200,173.6400
799.0,82.6603,45.6200,173.6300
800.0,82.6643,45.6100,173.6200
801.0,82.6682,45.6100,173.6200
802.0,82.6721,45.6100,173.6100
803.0,82.6760,45.6100,173.6100
804.0,82.6799,45.6000,173.6000
805.0,82.6838,45.6000,173.5900
806.0,82.6878,45.6000,173.5900
807.0,82.6917,45.6000,173.5800
808.0,82.6956,45.5900,173.5700
809.0,82.6995,45.5900,173.5700
810.0,82.7000,45.5900,173.5700
811.0,82.7000,45.5900,173.5700
812.0,82.7000,45.5900,173.5700
813.0,82.7000,45.5900,173.5700
814.0,82.7000,45.5900,173.5700
815.0,82.7000,45.5900,173.5700
816.0,82.7000,45.5900,173.5700
817.0,82.7000,45.5900,173.5700
818.0,82.7000,45.5900,173.5700
819.0,82.7000,45.5900,173.5700
820.0,82.7000,45.5900,173.5700
821.0,82.7000,45.5900,173.5700
822.0,82.7000,45.5900,173.5700
823.0,82.7000,45.5900,173.5700
824.0,82.7000,45.5900,173.5700
825.0,82.7000,45.5900,173.5700
826.0,82.7000,45.5900,173.5700
827.0,82.7000,45.5900,173.5700
828.0,82.7000,45.5900,173.5700
829.0,82.7000,45.5900,173.5700
830.0,82.7000,45.5900,173.5700
831.0,82.7000,45.5900,173.5700
832.0,82.7000,45.5900,173.5700
833.0,82.7000,45.5900,173.5700
834.0,82.7000,45.5900,173.5700
835.0,82.7000,45.5900,173.5700
836.0,82.7000,45.5900,173.5700
837.0,82.7000,45.5900,173.5700
838.0,82.7000,45.5900,173.5700
839.0,82.7000,45.5900,173.5700
840.0,82.7000,45.5900,173.5700
841.0,82.7000,45.5900,173.5700
842.0,82.7000,45.5900,173.5700
843.0,82.7000,45.5900,173.5700
844.0,82.7000,45.5900,173.5700
845.0,82.7000,45.5900,173.5700
846.0,82.7000,45.5900,173.5700
847.0,82.7000,45.5900,173.5700
848.0,82.7000,45.5900,173.5700
849.0,82.7000,45.5900,173.5700
850.0,82.7033,45.5900,173.5600
851.0,82.7090,45.5800,173.5500
852.0,82.7147,45.5800,173.5400
853.0,82.7205,45.5700,173.5300
854.0,82.7262,45.5700,173.5300
855.0,82.7319,45.5700,173.5200
856.0,82.7376,45.5600,173.5100
857.0,82.7433,45.5600,173.5000
858.0,82.7490,45.5500,173.4900
859.0,82.7548,45.5500,173.4800
860.0,82.7604,45.5500,173.4700
861.0,82.7662,45.5400,173.4600
862.0,82.7719,45.5400,173.4500
863.0,82.7776,45.5300,173.4400
864.0,82.7833,45.5300,173.4300
865.0,82.7891,45.5200,173.4200
866.0,82.7947,45.5200,173.4200
867.0,82.7999,45.5200,173.4100
868.0,82.7999,45.5200,173.4100
869.0,82.7999,45.5200,173.4100
870.0,82.7999,45.5200,173.4100
871.0,82.7999,45.5200,173.4100
872.0,82.7999,45.5200,173.4100
873.0,82.7999,45.5200,173.4100
874.0,82.7999,45.5200,173.4100
875.0,82.7999,45.5200,173.4100
876.0,82.7999,45.5200,173.4100
877.0,82.7999,45.5200,173.4100
878.0,82.7999,45.5200,173.4100
879.0,82.7999,45.5200,173.4100
880.0,82.7999,45.5200,173.4100
881.0,82.7999,45.5200,173.4100
882.0,82.7999,45.5200,173.4100
883.0,82.7999,45.5200,173.4100
884.0,82.7999,45.5200,173.4100
885.0,82.7999,45.5200,173.4100
886.0,82.7999,45.5200,173.4100
887.0,82.7999,45.5200,173.4100
888.0,82.7999,45.5200,173.4100
889.0,82.7999,45.5200,173.4100
890.0,82.8000,45.5200,173.4100
891.0,82.8000,45.5200,173.4100
892.0,82.8000,45.5200,173.4100
893.0,82.8000,45.5200,173.4100
894.0,82.8000,45.5200,173.4100
895.0,82.8000,45.5200,173.4100
896.0,82.8000,45.5200,173.4100
897.0,82.8000,45.5200,173.4100
898.0,82.8000,45.5200,173.4100
899.0,82.8000,45.5200,173.4100
900.0,82.8000,45.5200,173.4100
901.0,82.8000,45.5200,173.4100
902.0,82.8000,45.5200,173.4100
903.0,82.8000,45.5200,173.4100
904.0,82.8000,45.5200,173.4100
905.0,82.8000,45.5200,173.4100
906.0,82.8000,45.5200,173.4100
907.0,82.8000,45.5200,173.4100
908.0,82.8000,45.5200,173.4100
909.0,82.8000,45.5200,173.4100
910.0,82.8000,45.5200,173.4100
911.0,82.8000,45.5200,173.4100
912.0,82.8000,45.5200,173.4100
913.0,82.8000,45.5200,173.4100
914.0,82.8000,45.5200,173.4100
915.0,82.8000,45.5200,173.4100
916.0,82.8000,45.5200,173.4100
917.0,82.8000,45.5200,173.4100
918.0,82.8000,45.5200,173.4100
919.0,82.8000,45.5200,173.4100
920.0,82.8000,45.5200,173.4100
921.0,82.8000,45.5200,173.4100
922.0,82.8000,45.5200,173.4100
923.0,82.8000,45.5200,173.4100
924.0,82.8000,45.5200,173.4100
925.0,82.8000,45.5200,173.4100
926.0,82.8000,45.5200,173.4100
927.0,82.8000,45.5200,173.4100
928.0,82.8000,45.5200,173.4100
929.0,82.8000,45.5200,173.4100
930.0,82.8000,45.5200,173.4100
931.0,82.8000,45.5200,173.4100
932.0,82.8000,45.5200,173.4100
933.0,82.8000,45.5200,173.4100
934.0,82.8000,45.5200,173.4100
935.0,82.8000,45.5200,173.4100
936.0,82.8000,45.5200,173.4100
937.0,82.8000,45.5200,173.4100
938.0,82.8000,45.5200,173.4100
939.0,82.8000,45.5200,173.4100
940.0,82.8000,45.5200,173.4100
941.0,82.8000,45.5200,173.4100
942.0,82.8000,45.5200,173.4100
943.0,82.8000,45.5200,173.4100
944.0,82.8000,45.5200,173.4100
945.0,82.8000,45.5200,173.4100
946.0,82.8000,45.5200,173.4100
947.0,82.8000,45.5200,173.4100
948.0,82.8000,45.5200,173.4100
949.0,82.8000,45.5200,173.4100
950.0,82.8000,45.5200,173.4100
951.0,82.8000,45.5200,173.4100
952.0,82.8000,45.5200,173.4100
953.0,82.8000,45.5200,173.4100
954.0,82.8000,45.5200,173.4100
955.0,82.8000,45.5200,173.4100
956.0,82.8000,45.5200,173.4100
957.0,82.8000,45.5200,173.4100
958.0,82.8000,45.5200,173.4100
959.0,82.8000,45.5200,173.4100
960.0,82.8000,45.5200,173.4100
961.0,82.8000,45.5200,173.4100
962.0,82.8000,45.5200,173.4100
963.0,82.8000,45.5200,173.4100
964.0,82.8000,45.5200,173.4100
965.0,82.8000,45.5200,173.4100
966.0,82.8000,45.5200,173.4100
967.0,82.8000,45.5200,173.4100
968.0,82.8000,45.5200,173.4100
969.0,82.8000,45.5200,173.4100
970.0,82.8000,45.5200,173.4100
971.0,82.8000,45.5200,173.4100
972.0,82.8000,45.5200,173.4100
973.0,82.8000,45.5200,173.4100
974.0,82.8000,45.5200,173.4100
975.0,82.8000,45.5200,173.4100
976.0,82.8000,45.5200,173.4100
977.0,82.8000,45.5200,173.4100
978.0,82.8000,45.5200,173.4100
979.0,82.8000,45.5200,173.4100
980.0,82.8000,45.5200,173.4100
981.0,82.8000,45.5200,173.4100
982.0,82.8000,45.5200,173.4100
983.0,82.8000,45.5200,173.4100
984.0,82.8000,45.5200,173.4100
985.0,82.8000,45.5200,173.4100
986.0,82.8000,45.5200,173.4100
987.0,82.8000,45.5200,173.4100
988.0,82.8000,45.5200,173.4100
989.0,82.8000,45.5200,173.4100
990.0,82.8000,45.5200,173.4100
991.0,82.8000,45.5200,173.4100
992.0,82.8000,45.5200,173.4100
993.0,82.8000,45.5200,173.4100
994.0,82.8000,45.5200,173.4100
995.0,82.8000,45.5200,173.4100
996.0,82.8000,45.5200,173.4100
997.0,82.8000,45.5200,173.4100
998.0,82.8000,45.5200,173.4100
999.0,82.8000,45.5200,173.4100
1000.0,82.8000,45.5200,173.4100
1001.0,82.8000,45.5200,173.4100
1002.0,82.8000,45.5200,173.4100
1003.0,82.8000,45.5200,173.4100
1004.0,82.8000,45.5200,173.4100
1005.0,82.8000,45.5200,173.4100
1006.0,82.8000,45.5200,173.4100
1007.0,82.8000,45.5200,173.4100
1008.0,82.8000,45.5200,173.4100
1009.0,82.8000,45.5200,173.4100
1010.0,82.8000,45.5200,173.4100
1011.0,82.8000,45.5200,173.4100
1012.0,82.8000,45.5200,173.4100
1013.0,82.8000,45.5200,173.4100
1014.0,82.8000,45.5200,173.4100
1015.0,82.8000,45.5200,173.4100
1016.0,82.8000,45.5200,173.4100
1017.0,82.8000,45.5200,173.4100
1018.0,82.8000,45.5200,173.4100
1019.0,82.8000,45.5200,173.4100
1020.0,82.8000,45.5200,173.4100
1021.0,82.8000,45.5200,173.4100
1022.0,82.8000,45.5200,173.4100
1023.0,82.8000,45.5200,173.4100
1024.0,82.8000,45.5200,173.4100
1025.0,82.8000,45.5200,173.4100
