"asn_metro","bw_metro","traffic_mbps"
"Aarhus","Aarhus","4360"
"Aarhus","Copenhagen","1627"
"Aarhus","Hamburg","296"
"Aarhus","Helsinki","11"
"Aarhus","Oslo","21"
"Aarhus","Warsaw","13"
"Abu_Dhabi","Abu_Dhabi","2925"
"Abu_Dhabi","Dubai","2925"
"Accra","Accra","49355"
"Accra","Boston","10"
"Accra","Cape_Town","67"
"Accra","Johannesburg","178"
"Accra","Lisbon","262"
"Accra","London","76"
"Accra","Madrid","2806"
"Accra","Marseille","172"
"Accra","Palermo","153"
"Accra","Rome","938"
"Addis_Ababa","Marseille","23652"
"Addis_Ababa","Nairobi","5746"
"Addis_Ababa","Rome","1"
"Adelaide","Adelaide","31941"
"Adelaide","Brisbane","164"
"Adelaide","Melbourne","11389"
"Adelaide","Sydney","306"
"Agartala","Agartala","5138"
"Agartala","Calcutta","228"
"Agartala","Chennai","1427"
"Agartala","Delhi","13"
"Agartala","Jaipur","2"
"Agartala","Mumbai","558"
"Agartala","Patna","10"
"Agra","Agra","2572"
"Agra","Chennai","22"
"Agra","Delhi","478"
"Agra","Hyderabad","34"
"Agra","Jaipur","23"
"Agra","Mumbai","72"
"Ahmedabad","Ahmedabad","12300"
"Ahmedabad","Bangalore","192"
"Ahmedabad","Chennai","6"
"Ahmedabad","Delhi","49"
"Ahmedabad","Hyderabad","78"
"Ahmedabad","Mumbai","4145"
"Ahmedabad","Pune","7"
"Albany","Albuquerque","36"
"Albany","Boston","6572"
"Albany","Chicago","7"
"Albany","Denver","2"
"Albany","Kansas_City","94"
"Albany","New_York","11037"
"Albany","Pittsburgh","47"
"Albany","Seattle","2"
"Albany","Washington_DC","242"
"Albuquerque","Albuquerque","751"
"Albuquerque","Dallas","7197"
"Albuquerque","Denver","5919"
"Albuquerque","Houston","1741"
"Albuquerque","Kansas_City","104"
"Albuquerque","Los_Angeles","226"
"Albuquerque","Minneapolis","226"
"Albuquerque","Phoenix","946"
"Albuquerque","Salt_Lake_City","5"
"Albuquerque","San_Antonio","4"
"Albuquerque","Seattle","148"
"Algiers","Algiers","44725"
"Algiers","Barcelona","895"
"Algiers","Boston","44"
"Algiers","Madrid","9"
"Algiers","Marseille","189122"
"Algiers","New_York","22"
"Algiers","Palermo","78018"
"Algiers","Washington_DC","18"
"Alofi","Auckland","39"
"Alofi","Sydney","11"
"Amman","Amman","18826"
"Amman","Athens","13"
"Amman","Barcelona","7"
"Amman","Boston","2"
"Amman","Bucharest","29"
"Amman","Dubai","57"
"Amman","Frankfurt","382"
"Amman","Madrid","6"
"Amman","Marseille","9"
"Amman","Milan","85"
"Amman","Muscat","55"
"Amman","Palermo","182"
"Amman","Paris","58"
"Amman","Rome","226"
"Amsterdam","Amsterdam","147517"
"Amsterdam","Boston","8605"
"Amsterdam","Brussels","4"
"Amsterdam","Dusseldorf","159"
"Amsterdam","Frankfurt","690"
"Amsterdam","London","219"
"Amsterdam","New_York","10933"
"Amsterdam","Paris","26"
"Amsterdam","Stockholm","1"
"Amsterdam","Warsaw","7"
"Amsterdam","Washington_DC","2587"
"Amsterdam","Zurich","27"
"Anchorage","Anchorage","3998"
"Anchorage","Miami","142"
"Anchorage","Portland","765"
"Anchorage","San_Jose","272"
"Anchorage","Seattle","4378"
"Anchorage","Vancouver","1434"
"Andorra_la_Vella","Barcelona","1037"
"Andorra_la_Vella","Madrid","10"
"Andorra_la_Vella","Milan","2"
"Andorra_la_Vella","Tirana","4"
"Andorra_la_Vella","Vienna","3"
"Ankara","Ankara","31477"
"Ankara","Athens","11"
"Ankara","Bucharest","70"
"Ankara","Frankfurt","3"
"Ankara","Istanbul","40976"
"Ankara","Palermo","17"
"Ankara","Rome","5"
"Ankara","Vienna","37"
"Ankara","Warsaw","2"
"Antananarivo","Antananarivo","1965"
"Antananarivo","Bangalore","27"
"Antananarivo","Barcelona","363"
"Antananarivo","Durban","109"
"Antananarivo","Johannesburg","255"
"Antananarivo","Madrid","28"
"Antananarivo","Nairobi","956"
"Antananarivo","Paris","74"
"Apia","Auckland","348"
"Apia","Sydney","404"
"Ashgabat","Delhi","2"
"Ashgabat","Moscow","730"
"Asmara","Palermo","6"
"Astana","Astana","245766"
"Astana","Bangalore","5"
"Astana","Boston","660"
"Astana","Calcutta","50"
"Astana","Chelyabinsk","164"
"Astana","Delhi","31"
"Astana","Helsinki","2467"
"Astana","Moscow","137734"
"Astana","Mumbai","59"
"Astana","New_York","174"
"Astana","Seattle","330"
"Astana","Stockholm","19940"
"Astana","Warsaw","10210"
"Astana","Washington_DC","162"
"Asuncion","Asuncion","25542"
"Asuncion","Bogota","3"
"Asuncion","Buenos_Aires","11355"
"Asuncion","Cordoba","16140"
"Asuncion","Curitiba","3265"
"Asuncion","Florianopolis","3852"
"Asuncion","Lima","2"
"Asuncion","Porto_Alegre","4731"
"Asuncion","Salvador","5692"
"Asuncion","Sao_Paulo","3661"
"Athens","Athens","49533"
"Athens","Boston","187"
"Athens","Bucharest","121"
"Athens","Dublin","3"
"Athens","Frankfurt","1"
"Athens","Milan","190"
"Athens","New_York","174"
"Athens","Rome","413"
"Athens","Vienna","848"
"Athens","Zagreb","4"
"Atlanta","Atlanta","124580"
"Atlanta","Chicago","610"
"Atlanta","Dallas","222"
"Atlanta","Detroit","1"
"Atlanta","Houston","94"
"Atlanta","Miami","843"
"Atlanta","New_York","23"
"Atlanta","Philadelphia","14"
"Atlanta","San_Antonio","26"
"Atlanta","Washington_DC","794"
"Auckland","Auckland","238286"
"Auckland","Honolulu","287"
"Auckland","Los_Angeles","3"
"Auckland","New_York","25"
"Auckland","Sydney","12"
"Austin","Albuquerque","1"
"Austin","Atlanta","49"
"Austin","Dallas","12022"
"Austin","Denver","524"
"Austin","Houston","11501"
"Austin","Kansas_City","168"
"Austin","Miami","1"
"Austin","Omaha","3"
"Austin","San_Antonio","7"
"Austin","Washington_DC","14"
"Avarua","Auckland","50"
"Avarua","Los_Angeles","2"
"Avarua","Perth","5"
"Avarua","San_Jose","1"
"Avarua","Sydney","28"
"A_Coruna","A_Coruna","1543"
"A_Coruna","Barcelona","393"
"A_Coruna","Boston","8"
"A_Coruna","Lisbon","15"
"A_Coruna","Madrid","2878"
"A_Coruna","New_York","9"
"Baghdad","Athens","1900"
"Baghdad","Baghdad","117116"
"Baghdad","Bucharest","3989"
"Baghdad","Dubai","1767"
"Baghdad","Frankfurt","858"
"Baghdad","Istanbul","2561"
"Baghdad","Kiev","944"
"Baghdad","Milan","3526"
"Baghdad","Muscat","652"
"Baghdad","Palermo","2344"
"Baghdad","Rome","1832"
"Baghdad","Vienna","787"
"Baku","Athens","61114"
"Baku","Baku","371956"
"Baku","Bucharest","191"
"Baku","Delhi","66"
"Baku","Dusseldorf","23401"
"Baku","Frankfurt","3010"
"Baku","Istanbul","4"
"Baku","Kiev","2935"
"Baku","Milan","6112"
"Baku","Moscow","48519"
"Baku","New_York","1"
"Baku","Palermo","10"
"Baku","Prague","7797"
"Baku","Rome","1295"
"Baku","Sofia","10312"
"Baku","Stockholm","87"
"Baku","Warsaw","7473"
"Baltimore","Atlanta","684"
"Baltimore","Chicago","399"
"Baltimore","Cleveland","150"
"Baltimore","Detroit","122"
"Baltimore","New_York","2878"
"Baltimore","Philadelphia","923"
"Baltimore","Pittsburgh","7185"
"Baltimore","Seattle","10"
"Baltimore","Washington_DC","16364"
"Bamako","Bogota","114"
"Bamako","Brussels","572"
"Bamako","Frankfurt","4808"
"Bamako","Lisbon","9811"
"Bamako","Madrid","13968"
"Bamako","Paris","28861"
"Bandung","Bandung","25161"
"Bandung","Chennai","19"
"Bandung","Honolulu","4475"
"Bandung","Jakarta","82133"
"Bandung","Singapore","1015"
"Bandung","Surabaya","980"
"Bangalore","Ahmedabad","1"
"Bangalore","Bangalore","26951"
"Bangalore","Chennai","567"
"Bangalore","Coimbatore","28"
"Bangalore","Honolulu","12"
"Bangalore","Hyderabad","22"
"Bangalore","Mumbai","709"
"Bangalore","New_York","2"
"Bangkok","Bangkok","164881"
"Bangkok","Chennai","4"
"Bangkok","Hong_Kong","2"
"Bangkok","Honolulu","78"
"Bangkok","Hyderabad","4"
"Bangkok","Kuala_Lumpur","249"
"Bangkok","Singapore","162"
"Bangui","Johannesburg","212"
"Bangui","Madrid","1"
"Bangui","Nairobi","3"
"Bangui","Palermo","37"
"Banjarmasin","Banjarmasin","47059"
"Banjarmasin","Honolulu","635"
"Banjarmasin","Jakarta","2094"
"Banjarmasin","Singapore","110"
"Banjarmasin","Surabaya","4911"
"Banjul","Lisbon","4870"
"Banjul","Madrid","932"
"Banjul","Paris","1438"
"Barcelona","Barcelona","24861"
"Barcelona","Boston","153"
"Barcelona","Madrid","3801"
"Barcelona","Marseille","29"
"Barranquilla","Barranquilla","54139"
"Barranquilla","Bogota","6387"
"Barranquilla","Miami","68"
"Barranquilla","Santiago","4"
"Basse-Terre","Basse-Terre","1539"
"Basse-Terre","Caracas","138"
"Basse-Terre","Fort-de-France","1430"
"Basse-Terre","Miami","679"
"Basse-Terre","Tegucigalpa","3"
"Basse-Terre","Washington_DC","14"
"Basseterre","Miami","410"
"Batam","Batam","29364"
"Batam","Honolulu","1046"
"Batam","Jakarta","746"
"Batam","Pekanbaru","2358"
"Batam","Singapore","3986"
"Batam","Surabaya","24"
"Beijing","Amsterdam","24"
"Beijing","Beijing","11"
"Beijing","Brussels","320"
"Beijing","Chengdu","260"
"Beijing","Chennai","3"
"Beijing","Frankfurt","1"
"Beijing","Hong_Kong","37"
"Beijing","Jingdezhen","39"
"Beijing","Los_Angeles","2"
"Beijing","Osaka","17"
"Beijing","San_Jose","1"
"Beijing","Shijiazhuang","730"
"Beijing","Singapore","349"
"Beijing","Suzhou","1199"
"Beijing","Taipei","52"
"Beijing","Tokyo","418"
"Beijing","Wenzhou","40"
"Beijing","Wuhan","11"
"Beijing","Xian","35"
"Beijing","Zhumadian","1"
"Beirut","Barcelona","35372"
"Beirut","Beirut","132914"
"Beirut","Bucharest","7428"
"Beirut","Marseille","18798"
"Beirut","Milan","2414"
"Beirut","Paris","1087"
"Beirut","Rome","4116"
"Beirut","Vientiane","361"
"Beirut","Yangon","582"
"Belem","Belem","9667"
"Belem","Bogota","44"
"Belem","Brasilia","1094"
"Belem","Buenos_Aires","36"
"Belem","Dublin","14"
"Belem","Fortaleza","17626"
"Belem","Manaus","1945"
"Belem","Miami","1346"
"Belem","Recife","155"
"Belem","Rio_de_Janeiro","3830"
"Belem","Salvador","138"
"Belem","Sao_Paulo","1353"
"Belmopan","Belmopan","2174"
"Belmopan","Mexico_City","2"
"Belmopan","Miami","3285"
"Belmopan","San_Jose_CR","260"
"Belo_Horizonte","Belo_Horizonte","33576"
"Belo_Horizonte","Brasilia","2348"
"Belo_Horizonte","Buenos_Aires","3"
"Belo_Horizonte","Fortaleza","2741"
"Belo_Horizonte","Miami","2704"
"Belo_Horizonte","Rio_de_Janeiro","13249"
"Belo_Horizonte","Sao_Paulo","12071"
"Berlin","Aarhus","16"
"Berlin","Amsterdam","2"
"Berlin","Berlin","69932"
"Berlin","Boston","106"
"Berlin","Copenhagen","328"
"Berlin","Dusseldorf","119"
"Berlin","Frankfurt","722"
"Berlin","Hamburg","343"
"Berlin","Madrid","12"
"Berlin","Milan","1"
"Berlin","Munich","1"
"Berlin","New_York","400"
"Berlin","Prague","109"
"Berlin","Warsaw","6"
"Berlin","Zurich","1"
"Bern","Bern","16340"
"Bern","Boston","75"
"Bern","Frankfurt","3"
"Bern","Marseille","14"
"Bern","Milan","41"
"Bern","New_York","9"
"Bern","Zurich","1461"
"Bilbao","Barcelona","2071"
"Bilbao","Bilbao","2992"
"Bilbao","Boston","6"
"Bilbao","Lisbon","2"
"Bilbao","Madrid","5484"
"Birmingham","Birmingham","28784"
"Birmingham","Boston","25"
"Birmingham","London","11264"
"Birmingham","Manchester","732"
"Birmingham","New_York","440"
"Birmingham","Washington_DC","1"
"Bishkek","Bishkek","10936"
"Bishkek","Delhi","1152"
"Bishkek","Istanbul","5329"
"Bishkek","Moscow","4033"
"Bishkek","Mumbai","4177"
"Bishkek","Oita","1"
"Bishkek","Seattle","48"
"Bishkek","Warsaw","59"
"Bissau","Johannesburg","1"
"Bissau","Lisbon","341"
"Bissau","Madrid","3083"
"Bissau","Recife","312"
"Bogota","Bogota","126987"
"Bogota","Buenos_Aires","8"
"Bogota","Caracas","166"
"Bogota","Miami","1075"
"Bogota","Queretaro","1"
"Bogota","Santiago","31"
"Boston","Boston","53279"
"Boston","Chicago","4"
"Boston","Cleveland","34"
"Boston","Dallas","51"
"Boston","Detroit","138"
"Boston","Montreal","277"
"Boston","New_York","8958"
"Boston","Philadelphia","49"
"Boston","Washington_DC","268"
"Brasilia","Belem","193"
"Brasilia","Belo_Horizonte","745"
"Brasilia","Brasilia","50525"
"Brasilia","Buenos_Aires","19"
"Brasilia","Fortaleza","32"
"Brasilia","Manaus","6"
"Brasilia","Miami","2096"
"Brasilia","Porto_Alegre","1"
"Brasilia","Rio_de_Janeiro","149"
"Brasilia","Salvador","190"
"Brasilia","Sao_Paulo","5068"
"Bratislava","Boston","54"
"Bratislava","Bratislava","7228"
"Bratislava","Istanbul","443"
"Bratislava","New_York","33"
"Bratislava","Prague","711"
"Bratislava","Vienna","10656"
"Bratislava","Warsaw","26"
"Bratislava","Washington_DC","19"
"Brazzaville","Cape_Town","2015"
"Brazzaville","Johannesburg","2559"
"Brazzaville","Lisbon","712"
"Brazzaville","Madrid","245"
"Brazzaville","Nairobi","452"
"Brazzaville","Palermo","411"
"Brazzaville","Rome","172"
"Bridgetown","Bridgetown","2032"
"Bridgetown","Caracas","148"
"Bridgetown","Edmonton","83"
"Bridgetown","Miami","2177"
"Brisbane","Auckland","285"
"Brisbane","Brisbane","126249"
"Brisbane","Honolulu","80"
"Brisbane","Sydney","120"
"Bristol","Birmingham","1985"
"Bristol","Boston","20"
"Bristol","Bristol","946"
"Bristol","Istanbul","36"
"Bristol","London","15559"
"Bristol","Manchester","3177"
"Bristol","Moscow","8"
"Bristol","New_York","7"
"Bristol","Paris","1"
"Bristol","Tbilisi","8"
"Bristol","Washington_DC","1808"
"Brunei","Brunei","8421"
"Brunei","Hong_Kong","8"
"Brunei","Honolulu","9"
"Brunei","New_York","9"
"Brunei","Singapore","54"
"Brunei","Taipei","7"
"Brussels","Amsterdam","617"
"Brussels","Boston","148"
"Brussels","Brussels","50596"
"Brussels","Bucharest","72"
"Brussels","New_York","136"
"Brussels","Paris","308"
"Brussels","Sofia","2"
"Brussels","Vienna","2"
"Brussels","Washington_DC","45"
"Brussels","Zurich","2"
"Bucharest","Boston","2"
"Bucharest","Bucharest","72808"
"Bucharest","Frankfurt","4"
"Bucharest","Kiev","104"
"Bucharest","Milan","1"
"Bucharest","New_York","2"
"Bucharest","Rome","91"
"Bucharest","Saint_Petersburg","1"
"Bucharest","Stockholm","3"
"Budapest","Belgrade","10"
"Budapest","Boston","126"
"Budapest","Bucharest","499"
"Budapest","Budapest","71936"
"Budapest","Dublin","2311"
"Budapest","Istanbul","5"
"Budapest","Kiev","359"
"Budapest","London","3"
"Budapest","Milan","2"
"Budapest","New_York","116"
"Budapest","Prague","9"
"Budapest","Vienna","6490"
"Budapest","Warsaw","1585"
"Buenos_Aires","Bogota","5"
"Buenos_Aires","Brisbane","1"
"Buenos_Aires","Buenos_Aires","269035"
"Buenos_Aires","Cape_Town","1"
"Buenos_Aires","Cordoba","6412"
"Buenos_Aires","Guayaquil","47"
"Buenos_Aires","Honolulu","9"
"Buenos_Aires","La_Paz","32"
"Buenos_Aires","Miami","1"
"Buenos_Aires","Quito","15"
"Buenos_Aires","Santiago","650"
"Buffalo","Boston","2"
"Buffalo","Chicago","37"
"Buffalo","Cleveland","208"
"Buffalo","Minneapolis","27"
"Buffalo","Montreal","4"
"Buffalo","New_York","9135"
"Buffalo","Pittsburgh","1120"
"Buffalo","Seattle","18"
"Buffalo","Toronto","247"
"Buffalo","Washington_DC","581"
"Bujumbura","Bujumbura","445"
"Bujumbura","Caracas","9"
"Bujumbura","Johannesburg","621"
"Bujumbura","Nairobi","165"
"Bujumbura","Rome","2"
"Cagayan_de_Oro","Cagayan_de_Oro","6944"
"Cagayan_de_Oro","Cebu","38"
"Cagayan_de_Oro","Honolulu","71"
"Cagayan_de_Oro","Manila","1239"
"Cairo","Athens","44"
"Cairo","Boston","62"
"Cairo","Cairo","42507"
"Cairo","Istanbul","4"
"Cairo","Marseille","37"
"Cairo","Milan","124424"
"Cairo","New_York","42"
"Cairo","Palermo","138"
"Cairo","Rome","243"
"Cairo","Washington_DC","15"
"Calcutta","Agartala","3"
"Calcutta","Ahmedabad","4"
"Calcutta","Bangalore","9"
"Calcutta","Calcutta","25460"
"Calcutta","Chennai","13"
"Calcutta","Coimbatore","2"
"Calcutta","Delhi","72"
"Calcutta","Hyderabad","102"
"Calcutta","Mumbai","38"
"Calcutta","Patna","49"
"Calgary","Calgary","6581"
"Calgary","Chicago","45"
"Calgary","Denver","20"
"Calgary","Edmonton","6"
"Calgary","Minneapolis","14"
"Calgary","Montreal","4"
"Calgary","Seattle","2211"
"Calgary","Toronto","4074"
"Calgary","Vancouver","5625"
"Calgary","Winnipeg","34"
"Cali","Bogota","20165"
"Cali","Cali","13457"
"Cali","Lima","22"
"Cali","Miami","1129"
"Cali","Queretaro","15"
"Cali","Santiago","97"
"Canberra","Brisbane","80"
"Canberra","Canberra","2632"
"Canberra","Los_Angeles","478"
"Canberra","Melbourne","2392"
"Canberra","Sydney","4289"
"Cancun","Cancun","88010"
"Cancun","Dallas","549"
"Cancun","Houston","3036"
"Cancun","Mexico_City","11159"
"Cancun","Miami","4336"
"Cancun","Monterrey","1831"
"Cancun","Queretaro","5177"
"Cancun","San_Antonio","6238"
"Cape_Town","Cape_Town","31878"
"Cape_Town","Durban","1253"
"Cape_Town","Johannesburg","1385"
"Cape_Town","Nairobi","8"
"Caracas","Bogota","43746"
"Caracas","Caracas","120030"
"Caracas","Fortaleza","444"
"Caracas","Miami","27603"
"Casablanca","Barcelona","77"
"Casablanca","Boston","35"
"Casablanca","Casablanca","47752"
"Casablanca","Johannesburg","1121"
"Casablanca","Lisbon","28165"
"Casablanca","Madrid","15525"
"Casablanca","Milan","1"
"Casablanca","New_York","27"
"Casablanca","Washington_DC","5"
"Castries","Bogota","11"
"Castries","Castries","761"
"Castries","Miami","981"
"Cayenne","Bogota","11"
"Cayenne","Caracas","100"
"Cayenne","Cayenne","332"
"Cayenne","Fort-de-France","1036"
"Cayenne","Fortaleza","207"
"Cayenne","Lima","14"
"Cayenne","Miami","332"
"Cebu","Cagayan_de_Oro","23"
"Cebu","Cebu","12333"
"Cebu","Honolulu","78"
"Cebu","Manila","1508"
"Cebu","Taipei","3"
"Chandigarh","Chandigarh","7787"
"Chandigarh","Delhi","11548"
"Chandigarh","Hyderabad","13"
"Chandigarh","Lucknow","1"
"Chandigarh","Ludhiana","62"
"Chandigarh","Mumbai","1"
"Charlotte","Atlanta","82271"
"Charlotte","Charlotte","3210"
"Charlotte","Chicago","7"
"Charlotte","Jacksonville","1"
"Charlotte","Miami","226"
"Charlotte","Nashville","1"
"Charlotte","New_York","594"
"Charlotte","Pittsburgh","156"
"Charlotte","Washington_DC","7582"
"Charlotte_Amalie","Caracas","275"
"Charlotte_Amalie","Honolulu","128"
"Charlotte_Amalie","Madrid","1"
"Charlotte_Amalie","Miami","1132"
"Charlotte_Amalie","Washington_DC","31"
"Chelyabinsk","Boston","45"
"Chelyabinsk","Chelyabinsk","7320"
"Chelyabinsk","Helsinki","189"
"Chelyabinsk","Kiev","5"
"Chelyabinsk","Moscow","869"
"Chelyabinsk","New_York","113"
"Chelyabinsk","Nizhny_Novgorod","9"
"Chelyabinsk","Novosibirsk","510"
"Chelyabinsk","Samara","1218"
"Chelyabinsk","Warsaw","101"
"Chelyabinsk","Yekaterinburg","8624"
"Chengdu","Amsterdam","12"
"Chengdu","Chengdu","418"
"Chengdu","Chennai","8"
"Chengdu","Jingdezhen","18"
"Chengdu","Los_Angeles","72"
"Chengdu","San_Jose","17"
"Chengdu","Seattle","6"
"Chengdu","Singapore","11"
"Chengdu","Suzhou","30"
"Chengdu","Taipei","2"
"Chengdu","Tokyo","5"
"Chengdu","Wenzhou","1"
"Chengdu","Wuhan","126"
"Chengdu","Xian","46"
"Chengdu","Zhumadian","34"
"Chennai","Ahmedabad","1"
"Chennai","Bangalore","228"
"Chennai","Chennai","19001"
"Chennai","Coimbatore","18"
"Chennai","Delhi","37"
"Chennai","Honolulu","48"
"Chennai","Hyderabad","5"
"Chennai","Los_Angeles","462"
"Chennai","Mumbai","47"
"Chennai","New_York","276"
"Chennai","Paris","2"
"Chennai","Pune","1"
"Chennai","Seattle","1"
"Chennai","Vijayawada","7"
"Chiangmai","Bangkok","6278"
"Chiangmai","Calcutta","6"
"Chiangmai","Chiangmai","4976"
"Chiangmai","Honolulu","54"
"Chiangmai","Kuala_Lumpur","1"
"Chiangmai","Singapore","54"
"Chicago","Atlanta","176"
"Chicago","Chicago","116819"
"Chicago","Cleveland","8"
"Chicago","Dallas","35"
"Chicago","Denver","1"
"Chicago","Detroit","190"
"Chicago","Dublin","6"
"Chicago","Kansas_City","210"
"Chicago","Madison","54"
"Chicago","Minneapolis","590"
"Chicago","New_York","115"
"Chicago","Omaha","479"
"Chicago","Philadelphia","3"
"Chicago","San_Jose","11"
"Chicago","Seattle","5"
"Chicago","Toronto","162"
"Chicago","Washington_DC","243"
"Chisinau","Amsterdam","615"
"Chisinau","Bucharest","11263"
"Chisinau","Chisinau","28603"
"Chisinau","Frankfurt","1107"
"Chisinau","Kiev","10453"
"Chisinau","New_York","1"
"Chisinau","Prague","4178"
"Christchurch","Auckland","6033"
"Christchurch","Christchurch","36186"
"Cincinnati","Atlanta","2024"
"Cincinnati","Chicago","7929"
"Cincinnati","Cincinnati","7012"
"Cincinnati","Cleveland","1302"
"Cincinnati","Dallas","4"
"Cincinnati","Detroit","286"
"Cincinnati","Indianapolis","195"
"Cincinnati","Minneapolis","461"
"Cincinnati","New_York","62"
"Cincinnati","Omaha","16"
"Cincinnati","Washington_DC","11916"
"Cleveland","Atlanta","3"
"Cleveland","Chicago","2955"
"Cleveland","Cleveland","23627"
"Cleveland","Detroit","216"
"Cleveland","Indianapolis","1"
"Cleveland","Minneapolis","1087"
"Cleveland","New_York","3006"
"Cleveland","Philadelphia","34"
"Cleveland","Pittsburgh","1703"
"Cleveland","Seattle","1"
"Cleveland","Toronto","65"
"Cleveland","Washington_DC","1874"
"Cockburn_Town","Atlanta","15"
"Cockburn_Town","Miami","574"
"Coimbatore","Bangalore","1670"
"Coimbatore","Chennai","2342"
"Coimbatore","Coimbatore","15223"
"Coimbatore","Dubai","1"
"Coimbatore","Mumbai","96"
"Colombo","Chennai","2875"
"Colombo","Colombo","47553"
"Colombo","Honolulu","75"
"Colombo","Kuala_Lumpur","687"
"Colombo","Mumbai","680"
"Colombo","Philadelphia","3"
"Colombo","Singapore","3099"
"Colombo","Vientiane","385"
"Columbus","Atlanta","202"
"Columbus","Chicago","8375"
"Columbus","Cincinnati","62"
"Columbus","Cleveland","4843"
"Columbus","Detroit","109"
"Columbus","Dublin","2"
"Columbus","Honolulu","2"
"Columbus","Indianapolis","30"
"Columbus","Minneapolis","701"
"Columbus","Montreal","29"
"Columbus","New_York","70"
"Columbus","Philadelphia","112"
"Columbus","Pittsburgh","2418"
"Columbus","Toronto","11"
"Columbus","Washington_DC","19176"
"Conakry","Conakry","1038"
"Conakry","Fortaleza","936"
"Conakry","Kiev","2045"
"Conakry","Lisbon","3782"
"Conakry","Madrid","1495"
"Conakry","Paris","202"
"Copenhagen","Aarhus","540"
"Copenhagen","Barcelona","4"
"Copenhagen","Berlin","24"
"Copenhagen","Boston","46"
"Copenhagen","Copenhagen","17831"
"Copenhagen","Helsinki","44"
"Copenhagen","Madrid","8"
"Copenhagen","New_York","49"
"Copenhagen","Philadelphia","1"
"Copenhagen","Stockholm","52"
"Copenhagen","Tallinn","1"
"Cordoba","Buenos_Aires","82374"
"Cordoba","Cordoba","87015"
"Cordoba","Santiago","2158"
"Curitiba","Brasilia","53"
"Curitiba","Buenos_Aires","12"
"Curitiba","Curitiba","42862"
"Curitiba","Florianopolis","1038"
"Curitiba","Miami","1906"
"Curitiba","Porto_Alegre","195"
"Curitiba","Rio_de_Janeiro","35"
"Curitiba","Sao_Paulo","11351"
"Daejeon","Daejeon","1072"
"Daejeon","Osaka","1276"
"Daejeon","Seoul","23382"
"Daejeon","Tokyo","230"
"Dakar","Barcelona","270"
"Dakar","Boston","92"
"Dakar","Dakar","429392"
"Dakar","Istanbul","2433"
"Dakar","Lisbon","120656"
"Dakar","Madrid","5276"
"Dakar","Mumbai","2"
"Dakar","New_York","66"
"Dakar","Paris","10652"
"Dakar","Washington_DC","21"
"Dallas","Atlanta","2462"
"Dallas","Chicago","397"
"Dallas","Dallas","117906"
"Dallas","Denver","60"
"Dallas","Houston","438"
"Dallas","Kansas_City","62"
"Dallas","Los_Angeles","3"
"Dallas","Miami","117"
"Dallas","Minneapolis","140"
"Dallas","New_York","69"
"Dallas","Omaha","327"
"Dallas","San_Antonio","16"
"Dallas","San_Jose","4"
"Dallas","Vancouver","4"
"Dallas","Washington_DC","43"
"Damascus","Athens","4"
"Damascus","Bangkok","340"
"Damascus","Madrid","1946"
"Damascus","Marseille","118"
"Damascus","Palermo","2694"
"Damascus","Rome","179"
"Damascus","Washington_DC","83"
"Dammam","Amman","21"
"Dammam","Boston","1"
"Dammam","Dammam","36371"
"Dammam","Dubai","20"
"Dammam","Frankfurt","25"
"Dammam","Istanbul","4"
"Dammam","Jeddah","3"
"Dammam","Mumbai","4"
"Dammam","Palermo","19"
"Dammam","Riyadh","43"
"Dar_es_Salaam","Bangalore","19"
"Dar_es_Salaam","Cape_Town","154"
"Dar_es_Salaam","Dar_es_Salaam","14100"
"Dar_es_Salaam","Durban","418"
"Dar_es_Salaam","Johannesburg","2842"
"Dar_es_Salaam","Mumbai","19"
"Dar_es_Salaam","Nairobi","5050"
"Dar_es_Salaam","New_York","6"
"Da_Nang","Bangalore","22"
"Da_Nang","Chennai","24"
"Da_Nang","Da_Nang","2604"
"Da_Nang","Hanoi","200"
"Da_Nang","Ho_Chi_Minh_City","38"
"Da_Nang","Kuala_Lumpur","10"
"Da_Nang","Los_Angeles","113"
"Da_Nang","San_Jose","25"
"Da_Nang","Seattle","43"
"Da_Nang","Singapore","17"
"Da_Nang","Taipei","80"
"Delhi","Agra","18"
"Delhi","Ahmedabad","12"
"Delhi","Bangalore","4"
"Delhi","Calcutta","1"
"Delhi","Chandigarh","166"
"Delhi","Chennai","7"
"Delhi","Coimbatore","4"
"Delhi","Delhi","54018"
"Delhi","Hyderabad","597"
"Delhi","Indore","31"
"Delhi","Jaipur","24"
"Delhi","Lucknow","8"
"Delhi","Ludhiana","1"
"Delhi","Mumbai","669"
"Delhi","Muscat","2"
"Delhi","New_York","288"
"Delhi","San_Jose","1"
"Delhi","Seattle","55"
"Denver","Chicago","2074"
"Denver","Dallas","11666"
"Denver","Denver","42393"
"Denver","Houston","62"
"Denver","Kansas_City","167"
"Denver","Las_Vegas","2"
"Denver","Los_Angeles","14"
"Denver","Minneapolis","4318"
"Denver","Omaha","3124"
"Denver","Phoenix","795"
"Denver","Portland","3"
"Denver","San_Jose","1"
"Denver","Seattle","1"
"Detroit","Boston","54"
"Detroit","Chicago","60164"
"Detroit","Cleveland","886"
"Detroit","Detroit","30360"
"Detroit","Minneapolis","224"
"Detroit","New_York","1005"
"Detroit","Pittsburgh","7"
"Detroit","Toronto","4"
"Detroit","Washington_DC","203"
"Dhaka","Bangalore","74695"
"Dhaka","Boston","22"
"Dhaka","Calcutta","920533"
"Dhaka","Chennai","194129"
"Dhaka","Delhi","949"
"Dhaka","Dhaka","4602"
"Dhaka","Hong_Kong","34"
"Dhaka","Honolulu","201143"
"Dhaka","Hyderabad","330983"
"Dhaka","Mumbai","996"
"Dhaka","New_York","3"
"Dhaka","Singapore","5819"
"Dhaka","Taipei","137"
"Diego_Garcia","Singapore","15"
"Dili","Bangkok","5"
"Dili","Brisbane","40"
"Dili","Jakarta","110"
"Dili","Singapore","49"
"Dili","Surabaya","338"
"Djibouti","Milan","1"
"Djibouti","Nairobi","180"
"Djibouti","Palermo","31"
"Djibouti","Rome","76"
"Doha","Amman","6"
"Doha","Bangalore","2"
"Doha","Boston","10"
"Doha","Doha","16313"
"Doha","Dubai","259"
"Doha","Frankfurt","10"
"Doha","Istanbul","4"
"Doha","Jeddah","22"
"Doha","Mumbai","36"
"Doha","Muscat","3"
"Doha","Palermo","7"
"Doha","Riyadh","22"
"Dubai","Abu_Dhabi","151"
"Dubai","Boston","79"
"Dubai","Dubai","42194"
"Dubai","Frankfurt","1"
"Dubai","Istanbul","1"
"Dubai","Mumbai","107"
"Dubai","Muscat","176"
"Dubai","New_York","17"
"Dubai","Palermo","69"
"Dubai","Singapore","6"
"Dublin","Boston","202"
"Dublin","Dublin","75261"
"Dublin","Dusseldorf","6"
"Dublin","London","82"
"Dublin","Manchester","105"
"Dublin","New_York","103"
"Durban","Cape_Town","566"
"Durban","Durban","6234"
"Durban","Johannesburg","2862"
"Durban","Lisbon","2"
"Durban","Madrid","1"
"Durban","Marseille","1"
"Durban","Nairobi","5"
"Dushanbe","Boston","5"
"Dushanbe","Bucharest","147"
"Dushanbe","Delhi","2"
"Dushanbe","Dubai","6"
"Dushanbe","Moscow","36074"
"Dushanbe","Mumbai","105"
"Dushanbe","Riga","12"
"Dushanbe","Stockholm","12898"
"Dusseldorf","Amsterdam","182"
"Dusseldorf","Berlin","5423"
"Dusseldorf","Boston","4"
"Dusseldorf","Brussels","77"
"Dusseldorf","Dusseldorf","74065"
"Dusseldorf","Frankfurt","505"
"Dusseldorf","Hamburg","326"
"Dusseldorf","New_York","25"
"Dusseldorf","Paris","10"
"Dusseldorf","Stuttgart","335"
"Dusseldorf","Zurich","44"
"Edinburgh","Boston","10"
"Edinburgh","Edinburgh","1814"
"Edinburgh","Leeds","364"
"Edinburgh","London","2070"
"Edinburgh","Manchester","1532"
"Edinburgh","New_York","1"
"Edinburgh","Paris","2"
"Edmonton","Boston","154"
"Edmonton","Calgary","697"
"Edmonton","Chicago","17"
"Edmonton","Denver","1219"
"Edmonton","Edmonton","8220"
"Edmonton","Halifax","90"
"Edmonton","Minneapolis","70"
"Edmonton","Montreal","13"
"Edmonton","Portland","233"
"Edmonton","San_Jose","1"
"Edmonton","Seattle","383"
"Edmonton","Toronto","22"
"Edmonton","Vancouver","7713"
"Florence","Boston","7"
"Florence","Dublin","17"
"Florence","Milan","5113"
"Florence","New_York","4"
"Florence","Palermo","1344"
"Florence","Rome","6276"
"Florence","Vienna","1"
"Florence","Zurich","59"
"Florianopolis","Brasilia","4"
"Florianopolis","Curitiba","920"
"Florianopolis","Florianopolis","9979"
"Florianopolis","Miami","513"
"Florianopolis","Porto_Alegre","1373"
"Florianopolis","Sao_Paulo","530"
"Fort-de-France","Basse-Terre","948"
"Fort-de-France","Bogota","2"
"Fort-de-France","Caracas","339"
"Fort-de-France","Fort-de-France","2263"
"Fort-de-France","Miami","1992"
"Fort-de-France","Tijuana","19"
"Fortaleza","Belo_Horizonte","2"
"Fortaleza","Brasilia","4"
"Fortaleza","Buenos_Aires","35"
"Fortaleza","Fortaleza","50640"
"Fortaleza","Miami","1743"
"Fortaleza","Porto_Alegre","11"
"Fortaleza","Recife","170"
"Fortaleza","Rio_de_Janeiro","17"
"Fortaleza","Salvador","82"
"Fortaleza","Sao_Paulo","846"
"Frankfurt","Amsterdam","18"
"Frankfurt","Berlin","758"
"Frankfurt","Boston","1406"
"Frankfurt","Copenhagen","27"
"Frankfurt","Dusseldorf","161"
"Frankfurt","Frankfurt","102264"
"Frankfurt","Hamburg","665"
"Frankfurt","Houston","11"
"Frankfurt","Madrid","3"
"Frankfurt","Milan","908"
"Frankfurt","Munich","62"
"Frankfurt","New_York","4652"
"Frankfurt","Paris","976"
"Frankfurt","Philadelphia","131"
"Frankfurt","Stockholm","434"
"Frankfurt","Stuttgart","1517"
"Frankfurt","Washington_DC","922"
"Frankfurt","Zurich","2323"
"Freetown","Fortaleza","198"
"Freetown","Lisbon","7054"
"Freetown","Madrid","125"
"Freetown","Recife","574"
"Fukuoka","Fukuoka","2725"
"Fukuoka","Honolulu","4"
"Fukuoka","Los_Angeles","2"
"Fukuoka","Oita","22"
"Fukuoka","Osaka","2129"
"Fukuoka","Seoul","3"
"Fukuoka","Taipei","36"
"Fukuoka","Tokyo","2290"
"Funafuti","Auckland","48"
"Funafuti","Brisbane","56"
"Funafuti","Honolulu","2"
"Gaborone","Bogota","37"
"Gaborone","Cape_Town","439"
"Gaborone","Durban","287"
"Gaborone","Gaborone","2337"
"Gaborone","Johannesburg","5255"
"Gaborone","Palermo","2"
"Gaborone","Salvador","3"
"Georgetown","Caracas","916"
"Georgetown","Lima","144"
"Georgetown","Miami","12255"
"Georgetown","Port_of_Spain","1277"
"George_Town","Miami","1078"
"Gibraltar","Athens","17"
"Gibraltar","Madrid","407"
"Glasgow","Birmingham","13"
"Glasgow","Boston","30"
"Glasgow","Dublin","87"
"Glasgow","Edinburgh","1142"
"Glasgow","Glasgow","11586"
"Glasgow","Leeds","4461"
"Glasgow","London","1899"
"Glasgow","Manchester","3971"
"Glasgow","New_York","3"
"Guadalajara","Dallas","5833"
"Guadalajara","Guadalajara","310953"
"Guadalajara","Los_Angeles","585"
"Guadalajara","Mexico_City","587"
"Guadalajara","Miami","2"
"Guadalajara","Minneapolis","239"
"Guadalajara","Queretaro","13973"
"Guadalajara","San_Antonio","15685"
"Guangzhou","Amsterdam","5"
"Guangzhou","Auckland","72"
"Guangzhou","Chengdu","208"
"Guangzhou","Chennai","6"
"Guangzhou","Dusseldorf","21"
"Guangzhou","Honolulu","1"
"Guangzhou","Jinan","107"
"Guangzhou","Jingdezhen","19"
"Guangzhou","Kuala_Lumpur","2"
"Guangzhou","Los_Angeles","73"
"Guangzhou","Osaka","1"
"Guangzhou","San_Jose","7"
"Guangzhou","Seattle","2"
"Guangzhou","Singapore","14"
"Guangzhou","Suzhou","167"
"Guangzhou","Taipei","27"
"Guangzhou","Tokyo","4"
"Guangzhou","Wenzhou","375"
"Guangzhou","Wuhan","100"
"Guangzhou","Xian","9"
"Guangzhou","Zhumadian","265"
"Guatemala_City","Atlanta","1"
"Guatemala_City","Guatemala_City","73100"
"Guatemala_City","Miami","5839"
"Guatemala_City","Queretaro","1121"
"Guatemala_City","San_Antonio","1021"
"Guatemala_City","San_Jose_CR","11429"
"Guayaquil","Bogota","52170"
"Guayaquil","Boston","3051"
"Guayaquil","Buenos_Aires","4783"
"Guayaquil","Fortaleza","4221"
"Guayaquil","Guayaquil","330544"
"Guayaquil","Lima","10545"
"Guayaquil","London","595"
"Guayaquil","Los_Angeles","409"
"Guayaquil","Miami","3660"
"Guayaquil","Montreal","1428"
"Guayaquil","Quito","1513"
"Guayaquil","Santiago","9271"
"Hagatna","Hagatna","2683"
"Hagatna","Honolulu","529"
"Hagatna","Los_Angeles","533"
"Hagatna","Seattle","38"
"Hagatna","Tokyo","428"
"Halifax","Boston","2665"
"Halifax","Halifax","7858"
"Halifax","Montreal","233"
"Halifax","New_York","2442"
"Halifax","Toronto","2032"
"Hamburg","Berlin","554"
"Hamburg","Boston","4"
"Hamburg","Copenhagen","153"
"Hamburg","Dusseldorf","331"
"Hamburg","Frankfurt","2"
"Hamburg","Hamburg","72318"
"Hamburg","New_York","2"
"Hamburg","Vienna","11"
"Hamburg","Warsaw","481"
"Hamilton","Auckland","142"
"Hamilton","Mexico_City","1"
"Hamilton","New_York","97"
"Hamilton","Philadelphia","353"
"Hamilton","St_Georges","20"
"Hamilton","Washington_DC","9"
"Hangzhou","Beijing","2"
"Hangzhou","Brussels","41"
"Hangzhou","Copenhagen","14"
"Hangzhou","Dusseldorf","8"
"Hangzhou","Frankfurt","1"
"Hangzhou","Hamburg","3"
"Hangzhou","Hangzhou","64"
"Hangzhou","Houston","35"
"Hangzhou","Jinan","43"
"Hangzhou","Los_Angeles","1"
"Hangzhou","San_Jose","2"
"Hangzhou","Shijiazhuang","6"
"Hangzhou","Singapore","1"
"Hangzhou","Suzhou","44"
"Hangzhou","Taipei","1"
"Hangzhou","Tokyo","1"
"Hangzhou","Vancouver","11"
"Hangzhou","Wenzhou","95"
"Hangzhou","Zhumadian","2"
"Hanoi","Chennai","18"
"Hanoi","Hanoi","24477"
"Hanoi","Hong_Kong","34"
"Hanoi","Honolulu","22"
"Hanoi","Ho_Chi_Minh_City","41"
"Hanoi","Hyderabad","26"
"Hanoi","Los_Angeles","11894"
"Hanoi","Seattle","1532"
"Hanoi","Singapore","806"
"Hanoi","Taipei","351"
"Hanoi","Tokyo","1"
"Harare","Boston","403"
"Harare","Cape_Town","214"
"Harare","Dubai","251"
"Harare","Durban","5020"
"Harare","Johannesburg","8031"
"Harare","Madrid","2"
"Harare","Nairobi","216"
"Harare","New_York","436"
"Hartford","Boston","7791"
"Hartford","Denver","121"
"Hartford","New_York","3735"
"Hartford","Philadelphia","202"
"Hartford","Washington_DC","1398"
"Havana","Miami","18"
"Helsinki","Boston","52"
"Helsinki","Frankfurt","46"
"Helsinki","Helsinki","30860"
"Helsinki","Malmoe","2"
"Helsinki","New_York","387"
"Helsinki","Paris","53"
"Helsinki","Stockholm","1431"
"Hermosillo","Albuquerque","2460"
"Hermosillo","Dallas","8607"
"Hermosillo","Hermosillo","175131"
"Hermosillo","Houston","15"
"Hermosillo","Los_Angeles","92"
"Hermosillo","Phoenix","2665"
"Hermosillo","Queretaro","18467"
"Hermosillo","San_Antonio","406"
"Hong_Kong","Chicago","15"
"Hong_Kong","Hong_Kong","8965"
"Hong_Kong","Honolulu","1945"
"Hong_Kong","Los_Angeles","2477"
"Hong_Kong","Mumbai","5"
"Hong_Kong","Osaka","347"
"Hong_Kong","San_Jose","552"
"Hong_Kong","Seattle","793"
"Hong_Kong","Singapore","1046"
"Hong_Kong","Taichung","180"
"Hong_Kong","Taipei","4135"
"Hong_Kong","Tokyo","377"
"Honiara","Brisbane","313"
"Honiara","Sydney","427"
"Honolulu","Atlanta","1007"
"Honolulu","Honolulu","7886"
"Honolulu","Los_Angeles","6732"
"Honolulu","Minneapolis","7"
"Honolulu","Salt_Lake_City","19"
"Honolulu","San_Jose","6"
"Honolulu","Washington_DC","68"
"Houston","Atlanta","1"
"Houston","Cleveland","2"
"Houston","Dallas","7747"
"Houston","Houston","53690"
"Houston","Miami","29"
"Houston","San_Antonio","33"
"Ho_Chi_Minh_City","Hanoi","80"
"Ho_Chi_Minh_City","Hong_Kong","2"
"Ho_Chi_Minh_City","Honolulu","17"
"Ho_Chi_Minh_City","Ho_Chi_Minh_City","13694"
"Ho_Chi_Minh_City","Los_Angeles","9"
"Ho_Chi_Minh_City","Singapore","39"
"Ho_Chi_Minh_City","Taipei","1"
"Hull","Bristol","23"
"Hull","Hull","2113"
"Hull","Leeds","256"
"Hull","London","2631"
"Hull","Manchester","594"
"Hull","New_York","1"
"Hull","South_Yorkshire","119"
"Hyderabad","Ahmedabad","10"
"Hyderabad","Bangalore","112"
"Hyderabad","Calcutta","24"
"Hyderabad","Chennai","321"
"Hyderabad","Coimbatore","6"
"Hyderabad","Hyderabad","21201"
"Hyderabad","Jaipur","4"
"Hyderabad","Mumbai","61"
"Hyderabad","Pune","2"
"Hyderabad","Vijayawada","18"
"Indianapolis","Atlanta","326"
"Indianapolis","Chicago","29916"
"Indianapolis","Cincinnati","14"
"Indianapolis","Cleveland","3029"
"Indianapolis","Dallas","144"
"Indianapolis","Detroit","351"
"Indianapolis","Indianapolis","4173"
"Indianapolis","Minneapolis","2023"
"Indianapolis","New_York","24"
"Indianapolis","Omaha","187"
"Indianapolis","Toronto","48"
"Indianapolis","Washington_DC","18"
"Indore","Bangalore","3"
"Indore","Barcelona","12"
"Indore","Chennai","337"
"Indore","Delhi","1212"
"Indore","Hyderabad","5"
"Indore","Indore","10952"
"Indore","Jaipur","1"
"Indore","Mumbai","996"
"Islamabad","Dubai","7"
"Islamabad","Hyderabad","2"
"Islamabad","Islamabad","714601"
"Islamabad","Karachi","69328"
"Islamabad","Lahore","77976"
"Islamabad","Milan","4518"
"Islamabad","Mumbai","24549"
"Islamabad","Palermo","4542"
"Islamabad","Rome","5576"
"Istanbul","Ankara","267"
"Istanbul","Athens","13"
"Istanbul","Boston","173"
"Istanbul","Bucharest","885"
"Istanbul","Frankfurt","988"
"Istanbul","Istanbul","99948"
"Istanbul","Izmir","147"
"Istanbul","Milan","363"
"Istanbul","New_York","115"
"Istanbul","Palermo","191"
"Istanbul","Rome","685"
"Istanbul","Vienna","737"
"Istanbul","Warsaw","18"
"Istanbul","Washington_DC","47"
"Izmir","Ankara","475"
"Izmir","Athens","32"
"Izmir","Istanbul","9745"
"Izmir","Izmir","10796"
"Izmir","Palermo","2"
"Izmir","Rome","125"
"Izmir","Vienna","16"
"Jackson","Atlanta","9568"
"Jackson","Chicago","62"
"Jackson","Dallas","7217"
"Jackson","Houston","500"
"Jackson","Miami","9"
"Jackson","Seattle","2"
"Jackson","Washington_DC","295"
"Jacksonville","Atlanta","23381"
"Jacksonville","Jacksonville","46"
"Jacksonville","Miami","11261"
"Jacksonville","New_York","8"
"Jacksonville","Philadelphia","107"
"Jacksonville","Washington_DC","178"
"Jaipur","Ahmedabad","13"
"Jaipur","Bangalore","2"
"Jaipur","Chandigarh","17"
"Jaipur","Delhi","3021"
"Jaipur","Hyderabad","1"
"Jaipur","Jaipur","6072"
"Jaipur","Mumbai","68"
"Jakarta","Bandung","106"
"Jakarta","Banjarmasin","46"
"Jakarta","Batam","4"
"Jakarta","Hong_Kong","8"
"Jakarta","Honolulu","20302"
"Jakarta","Jakarta","474875"
"Jakarta","Kuala_Lumpur","196"
"Jakarta","Los_Angeles","74"
"Jakarta","Singapore","8646"
"Jakarta","Surabaya","4507"
"Jakarta","Yogyakarta","4"
"Jeddah","Athens","319"
"Jeddah","Boston","6"
"Jeddah","Istanbul","3"
"Jeddah","Jeddah","62392"
"Jeddah","Milan","5"
"Jeddah","Mumbai","1"
"Jeddah","Palermo","66"
"Jeddah","Riyadh","595"
"Jeddah","Rome","35"
"Jeddah","Washington_DC","1"
"Jinan","Brussels","157"
"Jinan","Chengdu","7"
"Jinan","Jinan","159"
"Jinan","Los_Angeles","1"
"Jinan","Osaka","1"
"Jinan","San_Jose","2"
"Jinan","Seattle","1"
"Jinan","Shijiazhuang","59"
"Jinan","Singapore","9"
"Jinan","Suzhou","73"
"Jinan","Taipei","1"
"Jinan","Tokyo","54"
"Jinan","Wenzhou","14"
"Jinan","Xian","5"
"Jingdezhen","Brussels","5"
"Jingdezhen","Chengdu","3"
"Jingdezhen","Chicago","1"
"Jingdezhen","Dallas","1"
"Jingdezhen","Dusseldorf","3"
"Jingdezhen","Jinan","18"
"Jingdezhen","Jingdezhen","252"
"Jingdezhen","Los_Angeles","8"
"Jingdezhen","Osaka","1"
"Jingdezhen","Rome","1"
"Jingdezhen","San_Jose","6"
"Jingdezhen","Seattle","1"
"Jingdezhen","Shijiazhuang","2"
"Jingdezhen","Singapore","2"
"Jingdezhen","Suzhou","57"
"Jingdezhen","Tokyo","2"
"Jingdezhen","Wenzhou","10"
"Jingdezhen","Wuhan","8"
"Jingdezhen","Zhumadian","1"
"Jinhua","Brussels","1"
"Jinhua","Hangzhou","2"
"Jinhua","Jinan","2"
"Jinhua","Suzhou","8"
"Jinhua","Taipei","1"
"Jinhua","Vancouver","1"
"Jinhua","Wenzhou","5"
"Johannesburg","Amsterdam","15"
"Johannesburg","Bangalore","62"
"Johannesburg","Barcelona","8"
"Johannesburg","Boston","58"
"Johannesburg","Cape_Town","1869"
"Johannesburg","Durban","4895"
"Johannesburg","Hong_Kong","12"
"Johannesburg","Istanbul","3"
"Johannesburg","Johannesburg","67998"
"Johannesburg","Lisbon","5"
"Johannesburg","London","11"
"Johannesburg","Madrid","13"
"Johannesburg","Miami","36"
"Johannesburg","Nairobi","3"
"Johannesburg","New_York","31"
"Johannesburg","Palermo","13"
"Johannesburg","Recife","2"
"Johannesburg","Rio_de_Janeiro","6"
"Johannesburg","Singapore","12"
"Kabul","Amsterdam","380"
"Kabul","Boston","646"
"Kabul","Delhi","342"
"Kabul","Dubai","3540"
"Kabul","Hyderabad","1116"
"Kabul","Moscow","6616"
"Kabul","Mumbai","5659"
"Kabul","Muscat","742"
"Kabul","New_York","34"
"Kabul","Riga","456"
"Kabul","Singapore","684"
"Kabul","Warsaw","274"
"Kabul","Washington_DC","11"
"Kampala","Cape_Town","1054"
"Kampala","Dar_es_Salaam","13"
"Kampala","Durban","15694"
"Kampala","Johannesburg","6979"
"Kampala","London","1"
"Kampala","Nairobi","32039"
"Kanazawa","Kanazawa","342"
"Kanazawa","Nagoya","17"
"Kanazawa","Osaka","606"
"Kanazawa","Tokyo","582"
"Kansas_City","Atlanta","768"
"Kansas_City","Chicago","17103"
"Kansas_City","Cleveland","343"
"Kansas_City","Dallas","18114"
"Kansas_City","Denver","1169"
"Kansas_City","Houston","585"
"Kansas_City","Kansas_City","17903"
"Kansas_City","Miami","11"
"Kansas_City","Minneapolis","2324"
"Kansas_City","New_York","1"
"Kansas_City","Omaha","1334"
"Kansas_City","San_Antonio","30"
"Kansas_City","San_Jose","21"
"Kansas_City","Washington_DC","125"
"Kaohsiung","Hong_Kong","5"
"Kaohsiung","Honolulu","34"
"Kaohsiung","Kaohsiung","4308"
"Kaohsiung","Los_Angeles","11"
"Kaohsiung","Osaka","1"
"Kaohsiung","Seattle","11"
"Kaohsiung","Taichung","78"
"Kaohsiung","Taipei","5026"
"Karachi","Boston","90"
"Karachi","Calcutta","1401"
"Karachi","Dubai","454"
"Karachi","Hong_Kong","12493"
"Karachi","Islamabad","1864"
"Karachi","Istanbul","18884"
"Karachi","Karachi","1141495"
"Karachi","Lahore","11612"
"Karachi","Marseille","2195"
"Karachi","Milan","6304"
"Karachi","Mumbai","11422"
"Karachi","Muscat","10893"
"Karachi","New_York","5"
"Karachi","Palermo","16678"
"Karachi","Rome","4679"
"Karachi","Singapore","75"
"Kathmandu","Bangalore","1"
"Kathmandu","Chennai","36436"
"Kathmandu","Delhi","49629"
"Kathmandu","Hyderabad","91"
"Kathmandu","Kathmandu","880096"
"Kathmandu","Los_Angeles","2"
"Kathmandu","Mumbai","16535"
"Kathmandu","Seattle","71"
"Kathmandu","Singapore","163"
"Katowice","Berlin","8"
"Katowice","Boston","111"
"Katowice","Frankfurt","12067"
"Katowice","Hamburg","1"
"Katowice","Katowice","13779"
"Katowice","New_York","103"
"Katowice","Prague","4"
"Katowice","Rome","5"
"Katowice","Warsaw","33231"
"Kazan","Boston","70"
"Kazan","Helsinki","7"
"Kazan","Moscow","879"
"Kazan","New_York","164"
"Kazan","Nizhny_Novgorod","5730"
"Kazan","Novosibirsk","522"
"Kazan","Saint_Petersburg","271"
"Kazan","Samara","2113"
"Kazan","Yekaterinburg","266"
"Khartoum","Athens","2341"
"Khartoum","Boston","1651"
"Khartoum","Lisbon","4008"
"Khartoum","Madrid","664"
"Khartoum","Nairobi","113094"
"Khartoum","New_York","1355"
"Khartoum","Palermo","18881"
"Khartoum","Rome","35236"
"Kiev","Boston","5238"
"Kiev","Bucharest","88"
"Kiev","Frankfurt","10"
"Kiev","Istanbul","13"
"Kiev","Kiev","90485"
"Kiev","New_York","3327"
"Kiev","Prague","45"
"Kiev","Seattle","1"
"Kiev","Stockholm","4888"
"Kiev","Vancouver","3"
"Kiev","Vienna","2"
"Kiev","Warsaw","8290"
"Kigali","Bangalore","18"
"Kigali","Boston","5"
"Kigali","Cape_Town","243"
"Kigali","Durban","1036"
"Kigali","Johannesburg","2246"
"Kigali","Kigali","4113"
"Kigali","Milan","18"
"Kigali","Nairobi","621"
"Kigali","New_York","27"
"Kigali","Palermo","1"
"Kigali","Rome","1"
"Kigali","Victoria","79"
"Kingston","Auckland","212"
"Kingston","Caracas","665"
"Kingston","Kingston","26937"
"Kingston","Miami","3853"
"Kingston","San_Pedro_Sula","392"
"Kingstown","Caracas","5"
"Kingstown","Miami","880"
"Kingstown","Sydney","23"
"Kinshasa","Barcelona","326"
"Kinshasa","Cape_Town","8457"
"Kinshasa","Caracas","144"
"Kinshasa","Durban","2711"
"Kinshasa","Johannesburg","29884"
"Kinshasa","Madrid","2"
"Kinshasa","Nairobi","3719"
"Kinshasa","Palermo","1186"
"Kinshasa","Rome","3"
"Kota_Kinabalu","Honolulu","8"
"Kota_Kinabalu","Kota_Kinabalu","8392"
"Kota_Kinabalu","Kuala_Lumpur","3767"
"Kota_Kinabalu","Singapore","20"
"Kota_Kinabalu","Taipei","4"
"Kuala_Lumpur","Honolulu","177"
"Kuala_Lumpur","Kuala_Lumpur","86519"
"Kuala_Lumpur","Singapore","121"
"Kuwait","Athens","9"
"Kuwait","Bucharest","4"
"Kuwait","Dubai","75"
"Kuwait","Kiev","1"
"Kuwait","Kuwait","9461"
"Kuwait","Milan","2"
"Kuwait","Mumbai","3"
"Kuwait","Rome","5"
"Lagos","Boston","59"
"Lagos","Cape_Town","3510"
"Lagos","Durban","4526"
"Lagos","Johannesburg","866"
"Lagos","Lagos","33417"
"Lagos","Lisbon","43263"
"Lagos","London","109267"
"Lagos","Madrid","61919"
"Lagos","Marseille","2"
"Lagos","Nairobi","10695"
"Lagos","New_York","44"
"Lagos","Palermo","15884"
"Lagos","Rome","39652"
"Lahore","Delhi","76"
"Lahore","Islamabad","34542"
"Lahore","Istanbul","298"
"Lahore","Karachi","91624"
"Lahore","Lahore","1112458"
"Lahore","Mumbai","391"
"Lahore","Palermo","18442"
"Lahore","Rome","11085"
"Lahore","Singapore","17779"
"Lanzhou","Amsterdam","4"
"Lanzhou","Chengdu","110"
"Lanzhou","Los_Angeles","1"
"Lanzhou","Osaka","1"
"Lanzhou","San_Jose","1"
"Lanzhou","Shijiazhuang","6"
"Lanzhou","Singapore","4"
"Lanzhou","Suzhou","31"
"Lanzhou","Tokyo","5"
"Lanzhou","Wenzhou","4"
"Lanzhou","Wuhan","4"
"Lanzhou","Xian","94"
"Lanzhou","Zhumadian","12"
"Las_Vegas","Albuquerque","5"
"Las_Vegas","Chicago","2"
"Las_Vegas","Denver","1135"
"Las_Vegas","Las_Vegas","13756"
"Las_Vegas","Los_Angeles","13607"
"Las_Vegas","Phoenix","343"
"Las_Vegas","San_Diego","7"
"Las_Vegas","San_Jose","3545"
"Las_Vegas","Seattle","6"
"La_Paz","Cordoba","4"
"La_Paz","La_Paz","731607"
"La_Paz","Lima","175"
"La_Paz","Recife","4"
"La_Paz","Santiago","17438"
"La_Paz","San_Jose_CR","2899"
"Leeds","Boston","55"
"Leeds","Hull","1"
"Leeds","Leeds","26469"
"Leeds","Leicester","7"
"Leeds","London","7574"
"Leeds","Manchester","2066"
"Leeds","New_York","4"
"Leeds","Paris","1"
"Leeds","Washington_DC","2"
"Leicester","Birmingham","804"
"Leicester","Boston","13"
"Leicester","Leeds","6929"
"Leicester","Leicester","8974"
"Leicester","London","1189"
"Leicester","Manchester","1273"
"Leicester","New_York","9"
"Lexington","Atlanta","7974"
"Lexington","Chicago","5591"
"Lexington","Cleveland","2664"
"Lexington","Dallas","5"
"Lexington","Detroit","459"
"Lexington","Indianapolis","317"
"Lexington","Minneapolis","346"
"Lexington","Nashville","291"
"Lexington","New_York","239"
"Lexington","Pittsburgh","97"
"Lexington","Washington_DC","3227"
"Libreville","Cape_Town","754"
"Libreville","Hamburg","2506"
"Libreville","Johannesburg","1808"
"Libreville","Lisbon","1461"
"Libreville","Madrid","205"
"Libreville","Nairobi","2"
"Libreville","Paris","373"
"Lille","Amsterdam","3"
"Lille","Boston","4"
"Lille","Brussels","478"
"Lille","New_York","4"
"Lille","Paris","7256"
"Lilongwe","Durban","214"
"Lilongwe","Johannesburg","1816"
"Lilongwe","Nairobi","3253"
"Lima","Bogota","250"
"Lima","Buenos_Aires","1"
"Lima","Guayaquil","26"
"Lima","Lima","715626"
"Lima","Miami","10"
"Lima","Quito","786"
"Lima","Salvador","1"
"Lima","Santiago","699"
"Lima","San_Jose_CR","258"
"Lisbon","Barcelona","3"
"Lisbon","Boston","108"
"Lisbon","Bucharest","141"
"Lisbon","Lisbon","19902"
"Lisbon","Madrid","516"
"Lisbon","New_York","44"
"Lisbon","Porto","2"
"Lisbon","Warsaw","2"
"Lisbon","Washington_DC","5"
"Liverpool","Birmingham","601"
"Liverpool","Boston","70"
"Liverpool","Leeds","330"
"Liverpool","Liverpool","565"
"Liverpool","London","768"
"Liverpool","Manchester","1887"
"Liverpool","New_York","517"
"Ljubljana","Athens","11"
"Ljubljana","Boston","1"
"Ljubljana","Istanbul","1058"
"Ljubljana","Ljubljana","5299"
"Ljubljana","Milan","206"
"Ljubljana","Munich","1"
"Ljubljana","Prague","11"
"Ljubljana","Rome","87"
"Ljubljana","Vienna","2891"
"Lome","Boston","5"
"Lome","Cape_Town","6455"
"Lome","Lome","12141"
"Lome","Madrid","220"
"Lome","Milan","319"
"Lome","New_York","5"
"Lome","Rome","2"
"London","Amsterdam","109"
"London","Birmingham","4"
"London","Boston","1167"
"London","Brussels","8"
"London","Dublin","1"
"London","Dusseldorf","10"
"London","Frankfurt","77"
"London","Hull","3"
"London","Leeds","58"
"London","Leicester","3"
"London","London","251467"
"London","Manchester","8102"
"London","New_York","5854"
"London","Paris","823"
"London","Rome","1"
"London","Stockholm","39"
"London","Washington_DC","148"
"Los_Angeles","Albuquerque","13"
"Los_Angeles","Chicago","2"
"Los_Angeles","Dallas","245"
"Los_Angeles","Denver","1"
"Los_Angeles","Los_Angeles","132808"
"Los_Angeles","Phoenix","6"
"Los_Angeles","Portland","4"
"Los_Angeles","San_Jose","1257"
"Los_Angeles","Seattle","3"
"Los_Angeles","Vancouver","1"
"Louisville","Atlanta","1223"
"Louisville","Chicago","16724"
"Louisville","Cincinnati","54"
"Louisville","Cleveland","213"
"Louisville","Dallas","39"
"Louisville","Detroit","58"
"Louisville","Indianapolis","974"
"Louisville","Miami","10"
"Louisville","Minneapolis","1437"
"Louisville","Nashville","621"
"Louisville","New_York","79"
"Louisville","Omaha","22"
"Louisville","Philadelphia","4"
"Louisville","Washington_DC","185"
"Luanda","Cape_Town","5760"
"Luanda","Caracas","1"
"Luanda","Johannesburg","391"
"Luanda","Lisbon","175"
"Luanda","Luanda","6769"
"Luanda","Miami","351"
"Luanda","Nairobi","2"
"Luanda","Palermo","1"
"Lucknow","Agra","6"
"Lucknow","Ahmedabad","3"
"Lucknow","Calcutta","18"
"Lucknow","Chandigarh","6"
"Lucknow","Coimbatore","6"
"Lucknow","Delhi","3260"
"Lucknow","Hyderabad","42"
"Lucknow","Lucknow","12163"
"Lucknow","Mumbai","1"
"Lucknow","Pune","7"
"Ludhiana","Bangalore","2859"
"Ludhiana","Calcutta","3"
"Ludhiana","Chandigarh","335"
"Ludhiana","Chennai","4"
"Ludhiana","Delhi","2831"
"Ludhiana","Jaipur","25"
"Ludhiana","Ludhiana","4472"
"Ludhiana","Mumbai","14"
"Lusaka","Cape_Town","912"
"Lusaka","Durban","1660"
"Lusaka","Johannesburg","9612"
"Lusaka","Nairobi","27"
"Luxembourg","Amsterdam","52"
"Luxembourg","Boston","18"
"Luxembourg","Brussels","229"
"Luxembourg","Dusseldorf","16"
"Luxembourg","Frankfurt","255"
"Luxembourg","Luxembourg","2475"
"Luxembourg","New_York","16"
"Luxembourg","Paris","15"
"Luxembourg","Riga","116"
"Luxembourg","Vienna","2"
"Luxembourg","Warsaw","4"
"Luxembourg","Zurich","5"
"Lyon","Boston","8"
"Lyon","Frankfurt","22"
"Lyon","Lyon","41992"
"Lyon","Madrid","8"
"Lyon","Marseille","31785"
"Lyon","Milan","63"
"Lyon","New_York","8"
"Lyon","Paris","2863"
"Lyon","Washington_DC","3"
"Lyon","Zurich","154"
"Macao","Hong_Kong","13"
"Macao","Macao","375"
"Macao","Taipei","1"
"Madison","Chicago","19288"
"Madison","Cleveland","2"
"Madison","Dallas","3"
"Madison","Detroit","29"
"Madison","Dublin","1"
"Madison","Honolulu","1"
"Madison","Madison","3522"
"Madison","Milwaukee","76"
"Madison","Minneapolis","10570"
"Madison","New_York","5"
"Madison","Omaha","1685"
"Madison","Washington_DC","40"
"Madrid","Atlanta","46"
"Madrid","A_Coruna","14"
"Madrid","Barcelona","22"
"Madrid","Bilbao","10"
"Madrid","Boston","866"
"Madrid","Lisbon","36"
"Madrid","Madrid","176931"
"Madrid","Marseille","24"
"Madrid","Milan","14"
"Madrid","New_York","787"
"Madrid","Philadelphia","460"
"Madrid","Seville","10"
"Madrid","Washington_DC","132"
"Madrid","Zurich","1"
"Majuro","Auckland","82"
"Majuro","Honolulu","201"
"Majuro","Perth","71"
"Majuro","Tokyo","108"
"Makassar","Banjarmasin","13"
"Makassar","Honolulu","813"
"Makassar","Jakarta","5392"
"Makassar","Makassar","86585"
"Makassar","Singapore","362"
"Makassar","Surabaya","12222"
"Makassar","Taipei","60"
"Malabo","Accra","20"
"Malabo","Cape_Town","473"
"Malabo","Caracas","26"
"Malabo","Johannesburg","105"
"Malabo","Lisbon","30"
"Malabo","Madrid","26"
"Malabo","Palermo","66"
"Male","Athens","391"
"Male","Bangalore","826"
"Male","Chennai","2"
"Male","Johannesburg","1780"
"Male","Kuala_Lumpur","232"
"Male","Mumbai","2527"
"Male","Singapore","2438"
"Malmoe","Berlin","1"
"Malmoe","Boston","72"
"Malmoe","Copenhagen","932"
"Malmoe","Hamburg","6780"
"Malmoe","Ljubljana","20"
"Malmoe","Malmoe","10209"
"Malmoe","New_York","17"
"Malmoe","Oslo","595"
"Malmoe","Stockholm","13302"
"Malmoe","Vienna","12"
"Mamoudzou","Cape_Town","4"
"Mamoudzou","Durban","2"
"Mamoudzou","Johannesburg","11"
"Mamoudzou","Nairobi","102"
"Mamoudzou","Saint-Denis","190"
"Managua","Bogota","12"
"Managua","Guatemala_City","22917"
"Managua","Managua","62976"
"Managua","Miami","97397"
"Managua","San_Jose_CR","6162"
"Manama","Amsterdam","4"
"Manama","Boston","2"
"Manama","Chennai","1"
"Manama","Dubai","140"
"Manama","Frankfurt","2"
"Manama","Manama","14520"
"Manama","Mumbai","65"
"Manama","Muscat","14"
"Manama","New_York","2"
"Manama","Rome","1"
"Manama","Singapore","1"
"Manaus","Bogota","1765"
"Manaus","Brasilia","1177"
"Manaus","Caracas","409"
"Manaus","Fortaleza","4744"
"Manaus","Manaus","9304"
"Manaus","Miami","766"
"Manaus","Salvador","83"
"Manchester","Birmingham","6"
"Manchester","Boston","407"
"Manchester","Hull","11"
"Manchester","Leicester","23"
"Manchester","London","1278"
"Manchester","Manchester","31504"
"Manchester","New_York","379"
"Manchester","Philadelphia","88"
"Manchester","Washington_DC","18"
"Mandalay","Bangalore","7"
"Mandalay","Bangkok","45"
"Mandalay","Chennai","23"
"Mandalay","Hong_Kong","3"
"Mandalay","Honolulu","776"
"Mandalay","Hyderabad","48"
"Mandalay","Kuala_Lumpur","235"
"Mandalay","Los_Angeles","77"
"Mandalay","Mandalay","4236"
"Mandalay","Omaha","681"
"Mandalay","Singapore","967"
"Mandalay","Taipei","4"
"Mandalay","Yangon","106"
"Manila","Atlanta","14"
"Manila","Cebu","29"
"Manila","Hong_Kong","31"
"Manila","Honolulu","787"
"Manila","Manila","144389"
"Manila","Muscat","2"
"Manila","Osaka","5"
"Manila","Singapore","631"
"Manila","Taipei","410"
"Maputo","Boston","3"
"Maputo","Cape_Town","51"
"Maputo","Durban","2324"
"Maputo","Johannesburg","4576"
"Maputo","Maputo","3774"
"Maputo","Nairobi","2"
"Maputo","New_York","3"
"Maputo","Salvador","5"
"Marseille","Barcelona","97"
"Marseille","Boston","1619"
"Marseille","Copenhagen","1"
"Marseille","Leicester","60"
"Marseille","London","6"
"Marseille","Madrid","15"
"Marseille","Marseille","43303"
"Marseille","Milan","1360"
"Marseille","New_York","401"
"Marseille","Palermo","14"
"Marseille","Paris","413"
"Marseille","Rome","17"
"Maseru","Durban","56"
"Maseru","Johannesburg","1019"
"Maseru","Lisbon","51"
"Maseru","Palermo","61"
"Mata-Utu","Auckland","30"
"Mata-Utu","Brisbane","1"
"Mata-Utu","Sydney","9"
"Mazatlan","Albuquerque","517"
"Mazatlan","Hermosillo","55"
"Mazatlan","Mazatlan","23746"
"Mazatlan","Mexico_City","737"
"Mazatlan","Monterrey","124"
"Mazatlan","Queretaro","20331"
"Mazatlan","San_Antonio","856"
"Mbabane","Cape_Town","51"
"Mbabane","Durban","166"
"Mbabane","Johannesburg","1569"
"Mbabane","Madrid","15"
"Mbabane","Palermo","54"
"Mbabane","Rome","45"
"McMurdo","Melbourne","4"
"Medellin","Bogota","15224"
"Medellin","Lima","344"
"Medellin","Medellin","46563"
"Medellin","Miami","80"
"Medellin","Santiago","38"
"Melbourne","Adelaide","4"
"Melbourne","Brisbane","372"
"Melbourne","Honolulu","208"
"Melbourne","Los_Angeles","487"
"Melbourne","Melbourne","183987"
"Melbourne","San_Jose","1"
"Melbourne","Sydney","293"
"Melekeok","Tokyo","171"
"Memphis","Atlanta","12543"
"Memphis","Chicago","871"
"Memphis","Cleveland","153"
"Memphis","Dallas","18164"
"Memphis","Houston","1157"
"Memphis","Kansas_City","1971"
"Memphis","Miami","1"
"Memphis","Minneapolis","200"
"Memphis","New_York","2"
"Memphis","Phoenix","138"
"Memphis","Pittsburgh","2"
"Memphis","Washington_DC","91"
"Mexico_City","Atlanta","1"
"Mexico_City","Dallas","4018"
"Mexico_City","Denver","123"
"Mexico_City","Hermosillo","2948"
"Mexico_City","Honolulu","2700"
"Mexico_City","Houston","12711"
"Mexico_City","Johannesburg","1"
"Mexico_City","Lima","3987"
"Mexico_City","Los_Angeles","97"
"Mexico_City","Mexico_City","757554"
"Mexico_City","Miami","6110"
"Mexico_City","Monterrey","10891"
"Mexico_City","Queretaro","110973"
"Mexico_City","Salvador","2012"
"Mexico_City","San_Antonio","38678"
"Miami","Atlanta","174"
"Miami","Dallas","1"
"Miami","Miami","63992"
"Miami","New_York","5"
"Miami","Phoenix","8"
"Miami","Washington_DC","27"
"Milan","Boston","618"
"Milan","Dublin","1"
"Milan","Florence","102"
"Milan","Frankfurt","229"
"Milan","Marseille","66"
"Milan","Milan","130764"
"Milan","New_York","643"
"Milan","Palermo","25"
"Milan","Paris","3"
"Milan","Philadelphia","17"
"Milan","Rome","499"
"Milan","Washington_DC","125"
"Milan","Zurich","713"
"Milwaukee","Boston","62"
"Milwaukee","Chicago","32962"
"Milwaukee","Detroit","1046"
"Milwaukee","Madison","21"
"Milwaukee","Milwaukee","167"
"Milwaukee","Minneapolis","2359"
"Milwaukee","New_York","1"
"Milwaukee","Seattle","3"
"Milwaukee","Toronto","1"
"Milwaukee","Washington_DC","114"
"Minneapolis","Atlanta","218"
"Minneapolis","Chicago","45529"
"Minneapolis","Dallas","18"
"Minneapolis","Denver","8"
"Minneapolis","Detroit","64"
"Minneapolis","Kansas_City","5"
"Minneapolis","Madison","56"
"Minneapolis","Miami","55"
"Minneapolis","Minneapolis","45337"
"Minneapolis","New_York","176"
"Minneapolis","Omaha","344"
"Minneapolis","San_Jose","1244"
"Minneapolis","Seattle","3"
"Minneapolis","Sioux_Falls","4"
"Minneapolis","Washington_DC","8"
"Minsk","Boston","46"
"Minsk","Bucharest","5"
"Minsk","Kiev","6330"
"Minsk","Minsk","61800"
"Minsk","New_York","35"
"Minsk","Riga","5917"
"Minsk","Stockholm","806"
"Minsk","Warsaw","21688"
"Minsk","Zurich","626"
"Mogadishu","Boston","10"
"Mogadishu","Durban","1949"
"Mogadishu","Johannesburg","64942"
"Mogadishu","Marseille","42330"
"Mogadishu","Milan","7648"
"Mogadishu","Mumbai","1695"
"Mogadishu","Muscat","39152"
"Mogadishu","Nairobi","234945"
"Mogadishu","New_York","3"
"Mogadishu","Philadelphia","4075"
"Mogadishu","Rome","7694"
"Mogadishu","Washington_DC","2"
"Mogadishu","Zurich","5381"
"Monaco","Bucharest","280"
"Monaco","Marseille","4"
"Monrovia","Durban","204"
"Monrovia","Fortaleza","659"
"Monrovia","Johannesburg","102"
"Monrovia","Lisbon","1082"
"Monrovia","London","266"
"Monrovia","Madrid","444"
"Monrovia","Paris","497"
"Monrovia","Recife","356"
"Monterrey","Dallas","314"
"Monterrey","Houston","94"
"Monterrey","Miami","465"
"Monterrey","Monterrey","369210"
"Monterrey","Queretaro","13634"
"Monterrey","San_Antonio","11426"
"Montevideo","Buenos_Aires","299"
"Montevideo","Miami","3"
"Montevideo","Montevideo","4906"
"Montevideo","Santiago","30"
"Montevideo","Sao_Paulo","2"
"Montreal","Boston","610"
"Montreal","Minneapolis","2"
"Montreal","Montreal","21174"
"Montreal","New_York","994"
"Montreal","Ottawa","3"
"Montreal","Toronto","651"
"Moroni","Boston","3"
"Moroni","Cape_Town","88"
"Moroni","Durban","60"
"Moroni","Johannesburg","604"
"Moroni","Lisbon","45"
"Moroni","Nairobi","6"
"Moroni","New_York","2"
"Moroni","Washington_DC","1"
"Moscow","Boston","9673"
"Moscow","Frankfurt","79"
"Moscow","Helsinki","165"
"Moscow","Istanbul","1"
"Moscow","Kansas_City","7309"
"Moscow","Kiev","1"
"Moscow","Moscow","239305"
"Moscow","New_York","9962"
"Moscow","Nizhny_Novgorod","270"
"Moscow","Novosibirsk","164"
"Moscow","Paris","15"
"Moscow","Philadelphia","29"
"Moscow","Riga","41"
"Moscow","Saint_Petersburg","10038"
"Moscow","Seattle","1"
"Moscow","Stockholm","299"
"Moscow","Warsaw","353"
"Moscow","Washington_DC","63"
"Moscow","Yekaterinburg","325"
"Mumbai","Ahmedabad","55"
"Mumbai","Bangalore","53"
"Mumbai","Boston","91"
"Mumbai","Calcutta","1"
"Mumbai","Chandigarh","11"
"Mumbai","Chennai","14"
"Mumbai","Coimbatore","1"
"Mumbai","Delhi","89"
"Mumbai","Dubai","2"
"Mumbai","Hong_Kong","6"
"Mumbai","Hyderabad","57"
"Mumbai","Indore","28"
"Mumbai","Jaipur","5"
"Mumbai","Los_Angeles","1"
"Mumbai","Ludhiana","1"
"Mumbai","Mumbai","46755"
"Mumbai","New_York","634"
"Mumbai","Pune","111"
"Mumbai","Singapore","4"
"Mumbai","Washington_DC","2"
"Munich","Berlin","663"
"Munich","Boston","33"
"Munich","Copenhagen","1"
"Munich","Dusseldorf","144"
"Munich","Frankfurt","5064"
"Munich","Milan","137"
"Munich","Munich","39709"
"Munich","New_York","343"
"Munich","Rome","1"
"Munich","Stuttgart","346"
"Munich","Vienna","16"
"Munich","Washington_DC","2"
"Munich","Zurich","537"
"Muscat","Barcelona","9"
"Muscat","Mumbai","95"
"Muscat","Muscat","124136"
"Nagano","Nagano","215"
"Nagano","Nagoya","99"
"Nagano","Osaka","450"
"Nagano","Tokyo","6437"
"Nagoya","Fukuoka","8"
"Nagoya","Kanazawa","1"
"Nagoya","Nagoya","10122"
"Nagoya","Oita","14"
"Nagoya","Osaka","10457"
"Nagoya","Tokyo","1572"
"Nagpur","Calcutta","4"
"Nagpur","Chennai","3"
"Nagpur","Hyderabad","87"
"Nagpur","Indore","122"
"Nagpur","Mumbai","1243"
"Nagpur","Nagpur","4943"
"Nagpur","Patna","47"
"Nagpur","Pune","25"
"Nairobi","Barcelona","232"
"Nairobi","Boston","3628"
"Nairobi","Cape_Town","1458"
"Nairobi","Durban","5351"
"Nairobi","Johannesburg","26531"
"Nairobi","Mumbai","1288"
"Nairobi","Nairobi","118737"
"Nairobi","New_York","1180"
"Nairobi","Palermo","38"
"Nanjing","Brussels","131"
"Nanjing","Chengdu","3"
"Nanjing","Chennai","1"
"Nanjing","Dusseldorf","16"
"Nanjing","Jinan","147"
"Nanjing","Jingdezhen","14"
"Nanjing","Shijiazhuang","2"
"Nanjing","Suzhou","371"
"Nanjing","Taipei","4"
"Nanjing","Tokyo","1"
"Nanjing","Wenzhou","157"
"Nanjing","Zhumadian","12"
"Nanyang","Chengdu","2"
"Nanyang","Shijiazhuang","5"
"Nanyang","Suzhou","1"
"Nanyang","Taipei","6"
"Nanyang","Xian","1"
"Nanyang","Zhumadian","3"
"Naples","Boston","105"
"Naples","Milan","443"
"Naples","Palermo","248"
"Naples","Rome","4963"
"Nashville","Atlanta","39245"
"Nashville","Chicago","1554"
"Nashville","Cleveland","1388"
"Nashville","Dallas","177"
"Nashville","Indianapolis","12"
"Nashville","Kansas_City","27"
"Nashville","Miami","73"
"Nashville","Minneapolis","73"
"Nashville","Nashville","3282"
"Nashville","New_York","1"
"Nashville","Philadelphia","4"
"Nashville","Pittsburgh","2"
"Nashville","Washington_DC","160"
"Nassau","Atlanta","3"
"Nassau","Mexico_City","4"
"Nassau","Miami","3955"
"Nassau","Nassau","2537"
"Naypyitaw","Bangkok","37"
"Naypyitaw","Chennai","14"
"Naypyitaw","Honolulu","692"
"Naypyitaw","Houston","168"
"Naypyitaw","Kuala_Lumpur","294"
"Naypyitaw","Los_Angeles","4"
"Naypyitaw","Mandalay","98"
"Naypyitaw","Omaha","22"
"Naypyitaw","Singapore","148"
"Naypyitaw","Yangon","11"
"New_Haven","Boston","1567"
"New_Haven","Denver","7"
"New_Haven","New_York","6755"
"New_Haven","Philadelphia","407"
"New_Haven","Washington_DC","784"
"New_Orleans","Atlanta","27910"
"New_Orleans","Dallas","12346"
"New_Orleans","Houston","380"
"New_Orleans","Jacksonville","261"
"New_Orleans","Los_Angeles","1"
"New_Orleans","Miami","8"
"New_Orleans","New_York","1"
"New_Orleans","Seattle","1"
"New_Orleans","Washington_DC","25"
"New_York","Atlanta","103"
"New_York","Boston","222"
"New_York","Chicago","74"
"New_York","Cleveland","2"
"New_York","Madrid","2"
"New_York","Miami","1"
"New_York","Minneapolis","2"
"New_York","New_York","133754"
"New_York","Philadelphia","23"
"New_York","Pittsburgh","1"
"New_York","San_Jose","183"
"New_York","Seattle","9"
"New_York","Washington_DC","551"
"Niamey","Boston","646"
"Niamey","London","3415"
"Niamey","Madrid","14266"
"Niamey","Marseille","1"
"Niamey","Miami","728"
"Niamey","Paris","827"
"Niamey","Philadelphia","354"
"Niamey","Rome","3216"
"Nicosia","Athens","32"
"Nicosia","Berlin","22"
"Nicosia","Boston","2"
"Nicosia","Bucharest","6"
"Nicosia","Frankfurt","762"
"Nicosia","Istanbul","837"
"Nicosia","Kiev","29"
"Nicosia","Milan","39"
"Nicosia","Nicosia","7137"
"Nicosia","Palermo","2"
"Nicosia","Prague","77"
"Nicosia","Rome","2666"
"Nicosia","Toronto","12"
"Nicosia","Vienna","991"
"Nicosia","Warsaw","29"
"Nicosia","Zurich","45"
"Ningbo","Hangzhou","2"
"Ningbo","Suzhou","4"
"Ningbo","Taipei","2"
"Ningbo","Wenzhou","2"
"Nizhny_Novgorod","Boston","171"
"Nizhny_Novgorod","Helsinki","202"
"Nizhny_Novgorod","Kiev","5"
"Nizhny_Novgorod","Moscow","3587"
"Nizhny_Novgorod","New_York","228"
"Nizhny_Novgorod","Nizhny_Novgorod","5521"
"Nizhny_Novgorod","Novosibirsk","416"
"Nizhny_Novgorod","Saint_Petersburg","559"
"Nizhny_Novgorod","Samara","330"
"Nizhny_Novgorod","Stockholm","268"
"Nizhny_Novgorod","Warsaw","61"
"Nouakchott","Boston","20"
"Nouakchott","Johannesburg","1273"
"Nouakchott","Lisbon","6362"
"Nouakchott","Madrid","19526"
"Nouakchott","New_York","19"
"Noumea","Noumea","2012"
"Novosibirsk","Bucharest","2"
"Novosibirsk","Honolulu","125"
"Novosibirsk","Moscow","403"
"Novosibirsk","New_York","808"
"Novosibirsk","Nizhny_Novgorod","4"
"Novosibirsk","Novosibirsk","49046"
"Novosibirsk","Osaka","8"
"Novosibirsk","Perm","2611"
"Novosibirsk","Saint_Petersburg","1515"
"Novosibirsk","Samara","2660"
"Novosibirsk","Seattle","275"
"Novosibirsk","Stockholm","105"
"Novosibirsk","Tokyo","349"
"Novosibirsk","Yekaterinburg","1871"
"Nuku_alofa","Auckland","206"
"Nuku_alofa","Sydney","387"
"Nuuk","Boston","7"
"Nuuk","Nuuk","658"
"N_Djamena","Barcelona","9911"
"N_Djamena","Boston","1429"
"N_Djamena","Lome","30422"
"N_Djamena","Madrid","49718"
"N_Djamena","New_York","12"
"N_Djamena","Palermo","1260"
"N_Djamena","Rome","1918"
"Oita","Bishkek","202"
"Oita","Fukuoka","374"
"Oita","Honolulu","228"
"Oita","Los_Angeles","537"
"Oita","Nagoya","1"
"Oita","Oita","2381"
"Oita","Osaka","3517"
"Oita","Seattle","36"
"Oita","Taipei","1"
"Oita","Tokyo","705"
"Oklahoma_City","Albuquerque","3"
"Oklahoma_City","Atlanta","43"
"Oklahoma_City","Chicago","142"
"Oklahoma_City","Cleveland","151"
"Oklahoma_City","Dallas","45690"
"Oklahoma_City","Denver","2053"
"Oklahoma_City","Houston","357"
"Oklahoma_City","Kansas_City","2012"
"Oklahoma_City","Miami","23"
"Oklahoma_City","Minneapolis","162"
"Oklahoma_City","Oklahoma_City","27"
"Oklahoma_City","Omaha","873"
"Oklahoma_City","San_Antonio","1"
"Oklahoma_City","Seattle","75"
"Oklahoma_City","Washington_DC","82"
"Omaha","Atlanta","680"
"Omaha","Chicago","20253"
"Omaha","Cleveland","1039"
"Omaha","Dallas","5202"
"Omaha","Denver","466"
"Omaha","Honolulu","11"
"Omaha","Houston","38"
"Omaha","Kansas_City","1775"
"Omaha","Minneapolis","7542"
"Omaha","New_York","72"
"Omaha","Omaha","11009"
"Omaha","Sioux_Falls","25"
"Omaha","Toronto","2724"
"Omaha","Washington_DC","3"
"Omsk","Moscow","276"
"Omsk","Novosibirsk","2913"
"Omsk","Omsk","493"
"Omsk","Samara","189"
"Omsk","Seattle","78"
"Omsk","Stockholm","2848"
"Omsk","Yekaterinburg","3587"
"Oranjestad","Miami","1208"
"Orlando","Atlanta","619"
"Orlando","Chicago","79"
"Orlando","Jacksonville","330"
"Orlando","Miami","36992"
"Orlando","Washington_DC","28"
"Osaka","Honolulu","107"
"Osaka","Los_Angeles","70"
"Osaka","Nagoya","57"
"Osaka","Oita","385"
"Osaka","Osaka","58595"
"Osaka","San_Jose","162"
"Osaka","Seattle","101"
"Osaka","Taipei","3"
"Osaka","Tokyo","352"
"Oslo","Amsterdam","205"
"Oslo","Berlin","15"
"Oslo","Boston","209"
"Oslo","Copenhagen","1"
"Oslo","Hamburg","43"
"Oslo","Katowice","1"
"Oslo","Malmoe","2"
"Oslo","New_York","1"
"Oslo","Oslo","47289"
"Oslo","Stavanger","222"
"Oslo","Stockholm","21"
"Oslo","Warsaw","4"
"Ottawa","Boston","98"
"Ottawa","Chicago","209"
"Ottawa","Montreal","2140"
"Ottawa","New_York","144"
"Ottawa","Ottawa","11308"
"Ottawa","Toronto","12213"
"Ottawa","Vancouver","3"
"Ottawa","Winnipeg","78"
"Ouagadougou","Bujumbura","4"
"Ouagadougou","Cape_Town","2090"
"Ouagadougou","Lisbon","476"
"Ouagadougou","Madrid","571"
"Ouagadougou","Miami","38"
"Ouagadougou","Rome","91"
"Ouagadougou","Washington_DC","109"
"Oviedo","A_Coruna","514"
"Oviedo","Barcelona","148"
"Oviedo","Boston","4"
"Oviedo","Madrid","1339"
"Oviedo","New_York","2"
"Oviedo","Paris","20"
"Pago_Pago","Auckland","46"
"Pago_Pago","Dallas","53"
"Pago_Pago","Honolulu","568"
"Pago_Pago","Seattle","47"
"Palembang","Banjarmasin","5"
"Palembang","Batam","2990"
"Palembang","Chennai","22"
"Palembang","Honolulu","1061"
"Palembang","Jakarta","7892"
"Palembang","Palembang","20083"
"Palembang","Singapore","1267"
"Palermo","Boston","69"
"Palermo","Milan","4182"
"Palermo","New_York","35"
"Palermo","Palermo","678"
"Palermo","Philadelphia","2"
"Palermo","Rome","2451"
"Palermo","Washington_DC","1"
"Palikir","Brisbane","123"
"Palikir","Tokyo","234"
"Panama_City","Bogota","1065"
"Panama_City","Managua","31"
"Panama_City","Miami","19136"
"Panama_City","Panama_City","45301"
"Panama_City","San_Antonio","6"
"Panama_City","San_Jose_CR","2037"
"Papeete","Auckland","2172"
"Papeete","Los_Angeles","1"
"Papeete","Papeete","2370"
"Papeete","Wellington","8"
"Paramaribo","Bogota","57"
"Paramaribo","Caracas","193"
"Paramaribo","Miami","642"
"Paramaribo","Paramaribo","6734"
"Paramaribo","Port_of_Spain","235"
"Paris","Amsterdam","1066"
"Paris","Boston","654"
"Paris","Brussels","1"
"Paris","Chicago","11"
"Paris","Dusseldorf","1"
"Paris","Frankfurt","845"
"Paris","Lisbon","2"
"Paris","London","1"
"Paris","Marseille","14"
"Paris","New_York","3227"
"Paris","Palermo","14"
"Paris","Paris","260711"
"Paris","Rome","27"
"Paris","Stockholm","4"
"Paris","Washington_DC","308"
"Paris","Zurich","57"
"Patna","Agartala","56"
"Patna","Calcutta","49"
"Patna","Chennai","27"
"Patna","Delhi","111"
"Patna","Hyderabad","28"
"Patna","Mumbai","50"
"Patna","Patna","12618"
"Pekanbaru","Batam","1426"
"Pekanbaru","Chennai","19"
"Pekanbaru","Honolulu","2368"
"Pekanbaru","Jakarta","8547"
"Pekanbaru","Kuala_Lumpur","120"
"Pekanbaru","Pekanbaru","94360"
"Pekanbaru","Singapore","6367"
"Pekanbaru","Surabaya","89"
"Pekanbaru","Taipei","2"
"Pekanbaru","Yogyakarta","31"
"Perm","Boston","61"
"Perm","Chelyabinsk","40"
"Perm","Moscow","500"
"Perm","New_York","2977"
"Perm","Nizhny_Novgorod","458"
"Perm","Novosibirsk","100"
"Perm","Perm","5270"
"Perm","Saint_Petersburg","14"
"Perm","Stockholm","53"
"Perm","Washington_DC","992"
"Perm","Yekaterinburg","985"
"Perth","Adelaide","41"
"Perth","Auckland","2"
"Perth","Brisbane","427"
"Perth","Honolulu","96"
"Perth","Los_Angeles","7"
"Perth","Melbourne","6008"
"Perth","Perth","68693"
"Philadelphia","Atlanta","38"
"Philadelphia","Boston","2"
"Philadelphia","Chicago","10"
"Philadelphia","Miami","3"
"Philadelphia","Minneapolis","5"
"Philadelphia","New_York","6764"
"Philadelphia","Omaha","1"
"Philadelphia","Philadelphia","66954"
"Philadelphia","Pittsburgh","4"
"Philadelphia","Seattle","1"
"Philadelphia","Washington_DC","2715"
"Phnom_Penh","Hong_Kong","68"
"Phnom_Penh","Honolulu","229"
"Phnom_Penh","Los_Angeles","35"
"Phnom_Penh","Phnom_Penh","3333"
"Phnom_Penh","San_Jose","95"
"Phnom_Penh","Singapore","395"
"Phoenix","Albuquerque","62"
"Phoenix","Atlanta","22"
"Phoenix","Dallas","119"
"Phoenix","Denver","50"
"Phoenix","Detroit","2"
"Phoenix","Houston","15"
"Phoenix","Los_Angeles","9194"
"Phoenix","Miami","26"
"Phoenix","Phoenix","39282"
"Phoenix","San_Jose","248"
"Pittsburgh","Chicago","72"
"Pittsburgh","Cleveland","1661"
"Pittsburgh","Detroit","1"
"Pittsburgh","New_York","4615"
"Pittsburgh","Philadelphia","52"
"Pittsburgh","Pittsburgh","24792"
"Pittsburgh","Seattle","13"
"Pittsburgh","Washington_DC","24952"
"Plymouth","Caracas","33"
"Plymouth","Miami","6"
"Port-au-Prince","Atlanta","18"
"Port-au-Prince","Mexico_City","8"
"Port-au-Prince","Miami","24585"
"Port-au-Prince","Port-au-Prince","11100"
"Portland","Anchorage","1"
"Portland","Chicago","2"
"Portland","Denver","427"
"Portland","Los_Angeles","27"
"Portland","New_York","10"
"Portland","Portland","22184"
"Portland","San_Jose","326"
"Portland","Seattle","30217"
"Portland","Vancouver","3560"
"Porto","Boston","3"
"Porto","Bucharest","4"
"Porto","Lisbon","11411"
"Porto","Madrid","84"
"Porto","Porto","9170"
"Porto-Novo","Boston","618"
"Porto-Novo","Cape_Town","782"
"Porto-Novo","Frankfurt","1023"
"Porto-Novo","Lisbon","1674"
"Porto-Novo","Madrid","3378"
"Porto-Novo","Marseille","249"
"Porto-Novo","Miami","618"
"Porto-Novo","Nairobi","146"
"Porto-Novo","Palermo","609"
"Porto-Novo","Paris","6536"
"Porto-Novo","Rome","1548"
"Porto_Alegre","Brasilia","58"
"Porto_Alegre","Buenos_Aires","15"
"Porto_Alegre","Curitiba","4750"
"Porto_Alegre","Florianopolis","499"
"Porto_Alegre","Miami","1443"
"Porto_Alegre","Montevideo","1"
"Porto_Alegre","Porto_Alegre","37436"
"Porto_Alegre","Rio_de_Janeiro","16"
"Porto_Alegre","Sao_Paulo","446"
"Port_Louis","Bangalore","28"
"Port_Louis","Boston","5"
"Port_Louis","Chennai","7"
"Port_Louis","Durban","115"
"Port_Louis","Johannesburg","164"
"Port_Louis","Nairobi","106"
"Port_Louis","New_York","5"
"Port_Louis","Port_Louis","21172"
"Port_Louis","Singapore","29"
"Port_Moresby","Brisbane","2551"
"Port_Moresby","Sydney","1298"
"Port_of_Spain","Bogota","1"
"Port_of_Spain","Caracas","37"
"Port_of_Spain","Miami","7756"
"Port_of_Spain","New_York","1"
"Port_of_Spain","Port_of_Spain","9891"
"Port_of_Spain","San_Salvador","141"
"Port_Vila","Brisbane","173"
"Port_Vila","Sydney","332"
"Prague","Berlin","63"
"Prague","Boston","106"
"Prague","New_York","96"
"Prague","Prague","32660"
"Prague","Vienna","488"
"Prague","Washington_DC","2"
"Prague","Zurich","18"
"Praia","Fortaleza","33"
"Praia","Lisbon","922"
"Praia","Madrid","359"
"Providence","Boston","8638"
"Providence","New_York","303"
"Providence","Philadelphia","8"
"Providence","Pittsburgh","3"
"Providence","Washington_DC","2739"
"Puebla_City","Dallas","386"
"Puebla_City","Denver","9"
"Puebla_City","Houston","119"
"Puebla_City","Mexico_City","49677"
"Puebla_City","Puebla_City","266054"
"Puebla_City","Queretaro","13489"
"Puebla_City","San_Antonio","10241"
"Pune","Ahmedabad","1"
"Pune","Bangalore","19"
"Pune","Delhi","2"
"Pune","Hyderabad","35"
"Pune","Mumbai","7198"
"Pune","Pune","9361"
"Qingdao","Brussels","2"
"Qingdao","Jinan","3"
"Qingdao","Shijiazhuang","2"
"Qingdao","Suzhou","8"
"Qingdao","Tokyo","2"
"Quebec_City","Boston","243"
"Quebec_City","Calgary","1"
"Quebec_City","Montreal","3339"
"Quebec_City","New_York","155"
"Quebec_City","Toronto","89"
"Queretaro","Boston","34"
"Queretaro","Dallas","1587"
"Queretaro","Houston","4047"
"Queretaro","Los_Angeles","9"
"Queretaro","Mexico_City","266"
"Queretaro","Miami","382"
"Queretaro","Monterrey","153"
"Queretaro","Phoenix","19"
"Queretaro","Queretaro","216842"
"Queretaro","San_Antonio","8522"
"Quito","Bogota","70719"
"Quito","Guayaquil","10375"
"Quito","Lima","3854"
"Quito","Miami","2594"
"Quito","Quito","233647"
"Quito","Santiago","3"
"Rabat","Barcelona","600"
"Rabat","Boston","5"
"Rabat","Casablanca","1615"
"Rabat","Lisbon","88"
"Rabat","Madrid","97"
"Rabat","New_York","5"
"Rabat","Rabat","22593"
"Raleigh","Atlanta","29598"
"Raleigh","Chicago","100"
"Raleigh","Dallas","309"
"Raleigh","Indianapolis","7"
"Raleigh","New_York","1743"
"Raleigh","Philadelphia","941"
"Raleigh","San_Antonio","17"
"Raleigh","Washington_DC","20969"
"Recife","Fortaleza","4432"
"Recife","Miami","2109"
"Recife","Porto_Alegre","26"
"Recife","Recife","24003"
"Recife","Salvador","351"
"Reykjavik","Boston","3"
"Reykjavik","Copenhagen","64"
"Reykjavik","Dublin","320"
"Reykjavik","London","16"
"Reykjavik","New_York","3"
"Reykjavik","Reykjavik","9184"
"Reykjavik","Rome","11"
"Richmond","Atlanta","227"
"Richmond","Chicago","1"
"Richmond","Cleveland","1"
"Richmond","Dublin","8"
"Richmond","New_York","112"
"Richmond","Omaha","1"
"Richmond","Philadelphia","794"
"Richmond","Richmond","5987"
"Richmond","Washington_DC","26657"
"Riga","Boston","1"
"Riga","Chisinau","46"
"Riga","Helsinki","25"
"Riga","New_York","1"
"Riga","Riga","3870"
"Riga","Stockholm","970"
"Riga","Vilnius","651"
"Riga","Warsaw","290"
"Rio_de_Janeiro","Belo_Horizonte","7"
"Rio_de_Janeiro","Brasilia","4"
"Rio_de_Janeiro","Buenos_Aires","6"
"Rio_de_Janeiro","Curitiba","20"
"Rio_de_Janeiro","Florianopolis","10"
"Rio_de_Janeiro","Fortaleza","1"
"Rio_de_Janeiro","Manaus","1"
"Rio_de_Janeiro","Miami","1815"
"Rio_de_Janeiro","Recife","1"
"Rio_de_Janeiro","Rio_de_Janeiro","55008"
"Rio_de_Janeiro","Salvador","7"
"Rio_de_Janeiro","Santiago","5"
"Rio_de_Janeiro","Sao_Paulo","6251"
"Riyadh","Amman","2"
"Riyadh","Boston","18"
"Riyadh","Dubai","18"
"Riyadh","Frankfurt","1"
"Riyadh","Istanbul","1"
"Riyadh","Jeddah","51"
"Riyadh","Milan","25"
"Riyadh","Mumbai","18"
"Riyadh","Muscat","11"
"Riyadh","Palermo","138"
"Riyadh","Riyadh","88622"
"Riyadh","Rome","128"
"Riyadh","Singapore","1"
"Road_Town","Miami","892"
"Rochester","Chicago","7"
"Rochester","Miami","1"
"Rochester","Montreal","19"
"Rochester","New_York","9526"
"Rochester","Philadelphia","1"
"Rochester","Pittsburgh","16"
"Rochester","Toronto","44"
"Rochester","Washington_DC","73"
"Rome","Boston","137"
"Rome","Florence","219"
"Rome","Milan","3044"
"Rome","New_York","1"
"Rome","Palermo","39"
"Rome","Rome","63737"
"Rome","Zurich","4"
"Roseau","Miami","379"
"Roseau","San_Jose_CR","13"
"Rotterdam","Amsterdam","14729"
"Rotterdam","Boston","158"
"Rotterdam","London","4"
"Rotterdam","New_York","108"
"Rotterdam","Washington_DC","135"
"Sacramento","Denver","1"
"Sacramento","Los_Angeles","1516"
"Sacramento","Omaha","6"
"Sacramento","Portland","20"
"Sacramento","Sacramento","10098"
"Sacramento","San_Jose","29496"
"Sacramento","Seattle","928"
"Saint-Denis","Bangalore","19"
"Saint-Denis","Johannesburg","5997"
"Saint-Denis","Nairobi","17"
"Saint-Denis","Paris","109"
"Saint-Denis","Saint-Denis","11063"
"Saint-Pierre","Montreal","32"
"Saint_Louis","Atlanta","244"
"Saint_Louis","Boston","1"
"Saint_Louis","Chicago","33855"
"Saint_Louis","Cleveland","17"
"Saint_Louis","Dallas","288"
"Saint_Louis","Denver","36"
"Saint_Louis","Indianapolis","10"
"Saint_Louis","Kansas_City","706"
"Saint_Louis","Minneapolis","3792"
"Saint_Louis","Montreal","2"
"Saint_Louis","New_York","266"
"Saint_Louis","Omaha","140"
"Saint_Louis","Philadelphia","160"
"Saint_Louis","Washington_DC","127"
"Saint_Petersburg","Boston","690"
"Saint_Petersburg","Helsinki","3509"
"Saint_Petersburg","Istanbul","9"
"Saint_Petersburg","Moscow","5129"
"Saint_Petersburg","New_York","573"
"Saint_Petersburg","Novosibirsk","51"
"Saint_Petersburg","Prague","92"
"Saint_Petersburg","Saint_Petersburg","31995"
"Saint_Petersburg","Stockholm","884"
"Saint_Petersburg","Warsaw","75"
"Saint_Petersburg","Yekaterinburg","143"
"Saipan","Honolulu","926"
"Saipan","Los_Angeles","926"
"Saipan","Tokyo","134"
"Salt_Lake_City","Chicago","11"
"Salt_Lake_City","Dallas","2"
"Salt_Lake_City","Denver","7796"
"Salt_Lake_City","Las_Vegas","1"
"Salt_Lake_City","Los_Angeles","4248"
"Salt_Lake_City","Minneapolis","1134"
"Salt_Lake_City","New_York","1"
"Salt_Lake_City","Omaha","1"
"Salt_Lake_City","Phoenix","1853"
"Salt_Lake_City","Portland","4868"
"Salt_Lake_City","Salt_Lake_City","1227"
"Salt_Lake_City","San_Jose","10968"
"Salt_Lake_City","Seattle","14683"
"Salt_Lake_City","Vancouver","7"
"Salvador","Belo_Horizonte","24"
"Salvador","Florianopolis","5"
"Salvador","Fortaleza","690"
"Salvador","Manaus","5"
"Salvador","Miami","1390"
"Salvador","Recife","107"
"Salvador","Salvador","39994"
"Salvador","Sao_Paulo","1171"
"Samara","Boston","271"
"Samara","Bucharest","8"
"Samara","Chelyabinsk","455"
"Samara","Frankfurt","16"
"Samara","Moscow","26766"
"Samara","New_York","706"
"Samara","Nizhny_Novgorod","610"
"Samara","Novosibirsk","1059"
"Samara","Paris","3"
"Samara","Saint_Petersburg","469"
"Samara","Samara","4921"
"Samara","Stockholm","25"
"Samara","Yekaterinburg","444"
"Sanaa","Athens","415"
"Sanaa","Boston","5"
"Sanaa","Dubai","12"
"Sanaa","Muscat","19118"
"Sanaa","Nairobi","14010"
"Sanaa","New_York","5"
"Sanaa","Rome","9682"
"Sanaa","Tirana","515"
"Santiago","Bogota","11"
"Santiago","Brasilia","11"
"Santiago","Buenos_Aires","49"
"Santiago","Lima","496"
"Santiago","Miami","1253"
"Santiago","Santiago","141200"
"Santo_Domingo","Boston","47"
"Santo_Domingo","Caracas","447"
"Santo_Domingo","Dublin","6"
"Santo_Domingo","Miami","46400"
"Santo_Domingo","Santo_Domingo","77433"
"Santo_Domingo","San_Jose_CR","14"
"San_Antonio","Albuquerque","49"
"San_Antonio","Atlanta","2"
"San_Antonio","Dallas","36129"
"San_Antonio","Houston","1902"
"San_Antonio","Kansas_City","1"
"San_Antonio","Mexico_City","24"
"San_Antonio","Queretaro","3"
"San_Antonio","San_Antonio","1541"
"San_Diego","Chicago","29"
"San_Diego","Denver","61"
"San_Diego","Los_Angeles","30163"
"San_Diego","Omaha","1"
"San_Diego","Phoenix","1784"
"San_Diego","San_Diego","8440"
"San_Diego","San_Jose","115"
"San_Diego","Seattle","29"
"San_Jose","Atlanta","2"
"San_Jose","Chicago","2"
"San_Jose","Dallas","2505"
"San_Jose","Houston","1"
"San_Jose","Los_Angeles","124"
"San_Jose","Minneapolis","6"
"San_Jose","New_York","2"
"San_Jose","Phoenix","8"
"San_Jose","Portland","34"
"San_Jose","Sacramento","130"
"San_Jose","San_Antonio","4"
"San_Jose","San_Jose","89027"
"San_Jose","Seattle","39"
"San_Jose","Vancouver","8"
"San_Jose_CR","Atlanta","8339"
"San_Jose_CR","Bogota","58"
"San_Jose_CR","Boston","9"
"San_Jose_CR","Houston","8"
"San_Jose_CR","Los_Angeles","3"
"San_Jose_CR","Mexico_City","2"
"San_Jose_CR","Miami","25268"
"San_Jose_CR","Minneapolis","36"
"San_Jose_CR","New_York","3"
"San_Jose_CR","Paris","712"
"San_Jose_CR","Queretaro","4"
"San_Jose_CR","San_Jose_CR","58691"
"San_Jose_CR","Washington_DC","767"
"San_Jose_CR","Winnipeg","348"
"San_Juan","Anchorage","9"
"San_Juan","Atlanta","12"
"San_Juan","Caracas","534"
"San_Juan","Miami","39267"
"San_Juan","Panama_City","10"
"San_Juan","Philadelphia","16789"
"San_Juan","San_Jose_CR","20"
"San_Juan","San_Juan","44495"
"San_Juan","Washington_DC","566"
"San_Marino","Istanbul","8"
"San_Marino","Milan","21"
"San_Marino","Palermo","7"
"San_Marino","Rome","99"
"San_Pedro_Sula","Atlanta","4698"
"San_Pedro_Sula","Dallas","5"
"San_Pedro_Sula","Denver","305"
"San_Pedro_Sula","Guatemala_City","186"
"San_Pedro_Sula","Los_Angeles","2"
"San_Pedro_Sula","Miami","13638"
"San_Pedro_Sula","Phoenix","49"
"San_Pedro_Sula","San_Jose_CR","16117"
"San_Pedro_Sula","San_Pedro_Sula","21164"
"San_Pedro_Sula","Seattle","2"
"San_Pedro_Sula","Tegucigalpa","1575"
"San_Pedro_Sula","Washington_DC","5"
"San_Salvador","Atlanta","1529"
"San_Salvador","Boston","2323"
"San_Salvador","Houston","3654"
"San_Salvador","Miami","2567"
"San_Salvador","Pittsburgh","1613"
"San_Salvador","Queretaro","5"
"San_Salvador","San_Jose_CR","479"
"San_Salvador","San_Salvador","4670"
"San_Salvador","Washington_DC","84"
"Sao_Paulo","Belo_Horizonte","201"
"Sao_Paulo","Bogota","5"
"Sao_Paulo","Brasilia","598"
"Sao_Paulo","Buenos_Aires","113"
"Sao_Paulo","Cape_Town","13"
"Sao_Paulo","Curitiba","963"
"Sao_Paulo","Florianopolis","82"
"Sao_Paulo","Fortaleza","647"
"Sao_Paulo","Kansas_City","336"
"Sao_Paulo","Manaus","69"
"Sao_Paulo","Miami","7168"
"Sao_Paulo","Munich","3"
"Sao_Paulo","New_York","114"
"Sao_Paulo","Porto_Alegre","239"
"Sao_Paulo","Recife","82"
"Sao_Paulo","Rio_de_Janeiro","2263"
"Sao_Paulo","Salvador","207"
"Sao_Paulo","Santiago","16"
"Sao_Paulo","San_Jose","1"
"Sao_Paulo","Sao_Paulo","239217"
"Sao_Tome","Cape_Town","236"
"Sao_Tome","Johannesburg","50"
"Sao_Tome","Madrid","10"
"Sao_Tome","Palermo","10"
"Sarajevo","Belgrade","4916"
"Sarajevo","Boston","1"
"Sarajevo","Brussels","106"
"Sarajevo","Kiev","677"
"Sarajevo","Ljubljana","4353"
"Sarajevo","Rome","665"
"Sarajevo","Stockholm","1"
"Sarajevo","Vienna","5645"
"Seattle","Dallas","4"
"Seattle","Denver","1"
"Seattle","Los_Angeles","7"
"Seattle","Minneapolis","7"
"Seattle","Phoenix","1"
"Seattle","Portland","222"
"Seattle","San_Jose","55"
"Seattle","Seattle","61277"
"Seattle","Vancouver","14"
"Seoul","Daejeon","558"
"Seoul","Hong_Kong","23744"
"Seoul","Honolulu","397"
"Seoul","Los_Angeles","132016"
"Seoul","Osaka","4275"
"Seoul","Phnom_Penh","89"
"Seoul","Seoul","111333"
"Seoul","Taipei","120"
"Seoul","Tokyo","119211"
"Seville","A_Coruna","3"
"Seville","Boston","175"
"Seville","Helsinki","3"
"Seville","Lisbon","1"
"Seville","Madrid","17690"
"Seville","Seville","4812"
"Shanghai","Brussels","14"
"Shanghai","Chicago","1"
"Shanghai","Dusseldorf","10"
"Shanghai","Hangzhou","17"
"Shanghai","Honolulu","1"
"Shanghai","Houston","6"
"Shanghai","Jinan","25"
"Shanghai","Jingdezhen","5"
"Shanghai","Kuala_Lumpur","1"
"Shanghai","Osaka","3"
"Shanghai","San_Jose","2"
"Shanghai","Seattle","1"
"Shanghai","Singapore","2"
"Shanghai","Suzhou","377"
"Shanghai","Taipei","7"
"Shanghai","Tokyo","3"
"Shanghai","Vancouver","7"
"Shanghai","Wenzhou","138"
"Shanghai","Xian","3"
"Shanghai","Zhumadian","31"
"Shanghai","Zurich","2"
"Shantou","Brussels","7"
"Shantou","Chengdu","5"
"Shantou","Dusseldorf","13"
"Shantou","Jinan","21"
"Shantou","Jingdezhen","1"
"Shantou","Suzhou","7"
"Shantou","Wenzhou","11"
"Shantou","Zhumadian","2"
"Shenyang","Amsterdam","2"
"Shenyang","Brussels","138"
"Shenyang","Dusseldorf","13"
"Shenyang","Hamburg","11"
"Shenyang","Jinan","176"
"Shenyang","Jingdezhen","28"
"Shenyang","Prague","7"
"Shenyang","Shijiazhuang","129"
"Shenyang","Singapore","58"
"Shenyang","Suzhou","80"
"Shenyang","Tokyo","72"
"Shenyang","Vienna","7"
"Shenyang","Wenzhou","5"
"Shenyang","Wuhan","3"
"Shenyang","Xian","45"
"Shenyang","Zhumadian","37"
"Shenzhen","Amsterdam","3"
"Shenzhen","Auckland","2"
"Shenzhen","Chengdu","2"
"Shenzhen","Dusseldorf","2"
"Shenzhen","Frankfurt","2"
"Shenzhen","Hong_Kong","89"
"Shenzhen","Jinan","3"
"Shenzhen","Jingdezhen","7"
"Shenzhen","Los_Angeles","1"
"Shenzhen","Singapore","1"
"Shenzhen","Suzhou","4"
"Shenzhen","Taipei","2"
"Shenzhen","Wenzhou","13"
"Shenzhen","Wuhan","4"
"Shenzhen","Zhumadian","20"
"Shijiazhuang","Amsterdam","1"
"Shijiazhuang","Brussels","71"
"Shijiazhuang","Chengdu","26"
"Shijiazhuang","Frankfurt","1"
"Shijiazhuang","Jinan","35"
"Shijiazhuang","Jingdezhen","22"
"Shijiazhuang","Los_Angeles","2"
"Shijiazhuang","San_Jose","1"
"Shijiazhuang","Seattle","1"
"Shijiazhuang","Shijiazhuang","35"
"Shijiazhuang","Singapore","1"
"Shijiazhuang","Suzhou","243"
"Shijiazhuang","Taipei","1"
"Shijiazhuang","Wenzhou","34"
"Shijiazhuang","Wuhan","7"
"Shijiazhuang","Xian","235"
"Shijiazhuang","Zhumadian","1"
"Singapore","Bangkok","3"
"Singapore","Boston","3"
"Singapore","Chennai","37"
"Singapore","Hong_Kong","339"
"Singapore","Honolulu","243"
"Singapore","Kuala_Lumpur","9"
"Singapore","Los_Angeles","226"
"Singapore","New_York","5"
"Singapore","Palermo","5"
"Singapore","Riyadh","7"
"Singapore","San_Jose","18"
"Singapore","Seattle","71"
"Singapore","Singapore","74423"
"Singapore","Tokyo","55"
"Sioux_Falls","Atlanta","7689"
"Sioux_Falls","Chicago","1461"
"Sioux_Falls","Dallas","207"
"Sioux_Falls","Denver","15"
"Sioux_Falls","Honolulu","5"
"Sioux_Falls","Minneapolis","10085"
"Sioux_Falls","New_York","5"
"Sioux_Falls","Omaha","3310"
"Sioux_Falls","Sioux_Falls","4766"
"Sioux_Falls","Washington_DC","215"
"Skopje","Amsterdam","123"
"Skopje","Belgrade","72"
"Skopje","Bucharest","4011"
"Skopje","Palermo","23"
"Skopje","Rome","120"
"Skopje","Skopje","6061"
"Skopje","Sofia","608"
"Skopje","Vienna","843"
"Skopje","Warsaw","249"
"Sofia","Athens","52"
"Sofia","Boston","137"
"Sofia","Brussels","18"
"Sofia","Bucharest","3079"
"Sofia","Frankfurt","580"
"Sofia","Kiev","299"
"Sofia","Milan","1"
"Sofia","New_York","106"
"Sofia","Palermo","4"
"Sofia","Prague","31"
"Sofia","Riga","41"
"Sofia","Rome","630"
"Sofia","Sofia","12490"
"Sofia","Vienna","114"
"Sofia","Warsaw","356"
"Sofia","Washington_DC","20"
"South_Yorkshire","Birmingham","445"
"South_Yorkshire","Boston","17"
"South_Yorkshire","Leeds","552"
"South_Yorkshire","London","751"
"South_Yorkshire","Manchester","730"
"South_Yorkshire","New_York","11"
"South_Yorkshire","South_Yorkshire","482"
"Stanley","Bogota","1"
"Stanley","Buenos_Aires","9"
"Stanley","Santiago","14"
"Stavanger","Amsterdam","58"
"Stavanger","Boston","21"
"Stavanger","New_York","18"
"Stavanger","Oslo","1312"
"Stavanger","Stavanger","5273"
"Stavanger","Stockholm","4888"
"Stavanger","Warsaw","2"
"Stockholm","Boston","521"
"Stockholm","Copenhagen","31"
"Stockholm","Dusseldorf","1"
"Stockholm","Hamburg","12"
"Stockholm","Helsinki","104"
"Stockholm","Istanbul","18"
"Stockholm","Ljubljana","17"
"Stockholm","Malmoe","294"
"Stockholm","New_York","2045"
"Stockholm","Philadelphia","18"
"Stockholm","Stockholm","50610"
"Stockholm","Washington_DC","12"
"Stuttgart","Berlin","437"
"Stuttgart","Boston","1"
"Stuttgart","Dusseldorf","100"
"Stuttgart","Frankfurt","21236"
"Stuttgart","Hamburg","3"
"Stuttgart","Munich","6618"
"Stuttgart","New_York","1"
"Stuttgart","Prague","279"
"Stuttgart","Stuttgart","1185"
"Stuttgart","Vienna","4"
"Stuttgart","Zurich","1253"
"St_Georges","Bogota","42"
"St_Georges","Caracas","5"
"St_Georges","Miami","1041"
"St_Georges","St_Georges","945"
"St_Johns","Caracas","208"
"St_Johns","Miami","846"
"St_Johns","Vancouver","31"
"Surabaya","Chennai","7"
"Surabaya","Hong_Kong","1"
"Surabaya","Honolulu","8039"
"Surabaya","Jakarta","55255"
"Surabaya","Kuala_Lumpur","28"
"Surabaya","Osaka","8"
"Surabaya","Singapore","7"
"Surabaya","Surabaya","165766"
"Surabaya","Tokyo","78"
"Suva","Auckland","683"
"Suva","Brisbane","153"
"Suva","Perth","54"
"Suva","Sydney","4145"
"Suzhou","Brussels","11"
"Suzhou","Dusseldorf","1"
"Suzhou","Jinan","13"
"Suzhou","Los_Angeles","1"
"Suzhou","Prague","1"
"Suzhou","Suzhou","234"
"Suzhou","Wenzhou","6"
"Suzhou","Zhumadian","1"
"Sydney","Auckland","148"
"Sydney","Brisbane","1147"
"Sydney","Chicago","16"
"Sydney","Honolulu","688"
"Sydney","Los_Angeles","171"
"Sydney","Melbourne","933"
"Sydney","San_Jose","802"
"Sydney","Seattle","29"
"Sydney","Sydney","244547"
"Sydney","Washington_DC","24"
"Syracuse","Boston","13"
"Syracuse","Chicago","20"
"Syracuse","Dallas","24"
"Syracuse","New_York","13592"
"Syracuse","Pittsburgh","2"
"Syracuse","Washington_DC","40"
"Taichung","Honolulu","42"
"Taichung","Los_Angeles","28"
"Taichung","Taichung","4606"
"Taichung","Taipei","699"
"Taipei","Bangkok","3"
"Taipei","Hong_Kong","5"
"Taipei","Honolulu","434"
"Taipei","Kaohsiung","3"
"Taipei","Los_Angeles","70"
"Taipei","Moscow","1"
"Taipei","Osaka","1"
"Taipei","Taichung","30"
"Taipei","Taipei","23769"
"Tallinn","Helsinki","340"
"Tallinn","Madrid","18"
"Tallinn","Riga","81"
"Tallinn","Stockholm","475"
"Tallinn","Tallinn","2313"
"Tampa","Atlanta","1165"
"Tampa","Dallas","1"
"Tampa","Jacksonville","15"
"Tampa","Miami","33992"
"Tampa","New_York","16"
"Tampa","Washington_DC","4"
"Tarawa","Auckland","28"
"Tarawa","Brisbane","697"
"Tarawa","Honolulu","50"
"Tashkent","Bangalore","3"
"Tashkent","Chelyabinsk","96"
"Tashkent","Dubai","1"
"Tashkent","Moscow","1865"
"Tashkent","Mumbai","73"
"Tashkent","Warsaw","4"
"Tbilisi","Athens","1085"
"Tbilisi","Berlin","155"
"Tbilisi","Boston","32"
"Tbilisi","Bucharest","10"
"Tbilisi","Frankfurt","1261"
"Tbilisi","Istanbul","1009"
"Tbilisi","Kiev","1"
"Tbilisi","Milan","949"
"Tbilisi","Moscow","1956"
"Tbilisi","Palermo","390"
"Tbilisi","Paris","701"
"Tbilisi","Prague","5761"
"Tbilisi","Rome","1118"
"Tbilisi","Sofia","3399"
"Tbilisi","Tbilisi","76806"
"Tbilisi","Vienna","382"
"Tbilisi","Warsaw","1153"
"Tegucigalpa","Atlanta","15042"
"Tegucigalpa","Bogota","1"
"Tegucigalpa","Miami","36630"
"Tegucigalpa","San_Jose_CR","11798"
"Tegucigalpa","San_Pedro_Sula","2460"
"Tegucigalpa","Tegucigalpa","40073"
"Tegucigalpa","Washington_DC","829"
"Tehran","Bucharest","2"
"Tehran","Doha","7"
"Tehran","Dubai","8"
"Tehran","Kiev","1"
"Tehran","Muscat","211"
"Tel_Aviv","Athens","1"
"Tel_Aviv","Barcelona","159"
"Tel_Aviv","Bucharest","25"
"Tel_Aviv","Calcutta","5"
"Tel_Aviv","Chennai","5"
"Tel_Aviv","Coimbatore","11"
"Tel_Aviv","Frankfurt","3"
"Tel_Aviv","Istanbul","126"
"Tel_Aviv","Milan","79"
"Tel_Aviv","New_York","41"
"Tel_Aviv","Palermo","7"
"Tel_Aviv","Paris","1"
"Tel_Aviv","Rome","191"
"Tel_Aviv","Surabaya","2"
"Tel_Aviv","Tel_Aviv","70540"
"Tel_Aviv","Washington_DC","2"
"Tel_Aviv","Yogyakarta","18"
"Tel_Aviv","Zurich","1"
"The_Valley","Miami","143"
"The_Valley","Washington_DC","2"
"Thimphu","Delhi","641"
"Thimphu","Hyderabad","162"
"Thimphu","Mumbai","916"
"Thimphu","Muscat","123"
"Thimphu","Seattle","7"
"Thimphu","Thimphu","6788"
"Tianjin","Amsterdam","1"
"Tianjin","Brussels","67"
"Tianjin","Dusseldorf","3"
"Tianjin","Hamburg","4"
"Tianjin","Jinan","3"
"Tianjin","Shijiazhuang","4"
"Tianjin","Suzhou","50"
"Tianjin","Tokyo","5"
"Tianjin","Xian","5"
"Tijuana","Albuquerque","1"
"Tijuana","Dallas","1213"
"Tijuana","Hermosillo","1324"
"Tijuana","Los_Angeles","17151"
"Tijuana","Monterrey","20"
"Tijuana","Queretaro","666"
"Tijuana","San_Jose","25173"
"Tijuana","Seattle","1"
"Tijuana","Tijuana","102992"
"Tirana","Athens","514"
"Tirana","Belgrade","297"
"Tirana","Boston","281"
"Tirana","Bucharest","3"
"Tirana","Ho_Chi_Minh_City","133"
"Tirana","Ljubljana","102"
"Tirana","New_York","164"
"Tirana","Rome","842"
"Tirana","Tirana","3170"
"Tirana","Vienna","221"
"Tokyo","Brisbane","2"
"Tokyo","Fukuoka","6"
"Tokyo","Hong_Kong","19"
"Tokyo","Honolulu","338"
"Tokyo","Kanazawa","56"
"Tokyo","Los_Angeles","505"
"Tokyo","Nagoya","318"
"Tokyo","Oita","31"
"Tokyo","Osaka","818"
"Tokyo","San_Jose","105"
"Tokyo","Seattle","565"
"Tokyo","Tokyo","104077"
"Toronto","Boston","30"
"Toronto","Chicago","473"
"Toronto","Cleveland","2"
"Toronto","Edmonton","2"
"Toronto","Halifax","4"
"Toronto","Montreal","1192"
"Toronto","New_York","1252"
"Toronto","Ottawa","32"
"Toronto","Pittsburgh","1"
"Toronto","Toronto","53144"
"Toronto","Vancouver","6"
"Toronto","Washington_DC","282"
"Toronto","Windsor","8"
"Torshavn","Amsterdam","29"
"Torshavn","Copenhagen","357"
"Torshavn","London","76"
"Torshavn","Oslo","1"
"Torshavn","Paris","11"
"Torshavn","Zurich","62"
"Tripoli","Boston","6"
"Tripoli","Istanbul","31"
"Tripoli","Madrid","622"
"Tripoli","Marseille","113"
"Tripoli","Milan","9927"
"Tripoli","New_York","5"
"Tripoli","Palermo","114332"
"Tripoli","Rome","57635"
"Tripoli","Washington_DC","1"
"Tripoli","Zurich","1665"
"Tucson","Albuquerque","127"
"Tucson","Chicago","1"
"Tucson","Dallas","4"
"Tucson","Denver","550"
"Tucson","Los_Angeles","2267"
"Tucson","Minneapolis","14"
"Tucson","Phoenix","458"
"Tucson","San_Jose","5"
"Tunis","Barcelona","31"
"Tunis","Boston","13"
"Tunis","Dar_es_Salaam","528"
"Tunis","Johannesburg","46"
"Tunis","New_York","11"
"Tunis","Palermo","42"
"Tunis","Rome","77"
"Tunis","Tunis","79564"
"Turin","Boston","16"
"Turin","Frankfurt","1"
"Turin","Milan","957"
"Turin","Rome","1056"
"Turin","Turin","68"
"Turin","Zurich","22"
"Ulaanbaatar","Amsterdam","20"
"Ulaanbaatar","Frankfurt","32"
"Ulaanbaatar","Macao","20"
"Ulaanbaatar","Osaka","248"
"Ulaanbaatar","Seattle","7"
"Ulaanbaatar","Singapore","2"
"Ulaanbaatar","Taipei","36"
"Ulaanbaatar","Tokyo","71"
"Ulaanbaatar","Ulaanbaatar","9796"
"Vaduz","Boston","2"
"Vaduz","Chisinau","1"
"Vaduz","New_York","2"
"Vaduz","Vienna","54"
"Vaduz","Vilnius","1"
"Vaduz","Warsaw","7"
"Vaduz","Zurich","145"
"Valletta","Amsterdam","112"
"Valletta","Athens","1"
"Valletta","Boston","19"
"Valletta","Milan","640"
"Valletta","New_York","10"
"Valletta","Palermo","64"
"Valletta","Rome","78"
"Valletta","Valletta","12793"
"Vancouver","Calgary","735"
"Vancouver","Denver","5"
"Vancouver","Montreal","11"
"Vancouver","Portland","181"
"Vancouver","San_Jose","31"
"Vancouver","Seattle","1212"
"Vancouver","Toronto","181"
"Vancouver","Vancouver","20234"
"Vatican_City","Rome","4"
"Victoria","Bangalore","107"
"Victoria","Boston","1"
"Victoria","Cape_Town","208"
"Victoria","Chennai","1"
"Victoria","Durban","4"
"Victoria","Johannesburg","490"
"Victoria","Nairobi","12"
"Victoria","New_York","6"
"Victoria","Singapore","1"
"Victoria","Victoria","454"
"Vienna","Belgrade","62"
"Vienna","Boston","331"
"Vienna","Brussels","56"
"Vienna","Frankfurt","98"
"Vienna","Hanoi","15"
"Vienna","Ho_Chi_Minh_City","10"
"Vienna","Milan","3"
"Vienna","Munich","198"
"Vienna","New_York","22"
"Vienna","Prague","801"
"Vienna","Rome","3"
"Vienna","Vienna","40109"
"Vienna","Zurich","249"
"Vientiane","Bangkok","14"
"Vientiane","Hong_Kong","1"
"Vientiane","Honolulu","49"
"Vientiane","Kuala_Lumpur","6"
"Vientiane","Singapore","43"
"Vientiane","Taipei","4"
"Vientiane","Vientiane","1055"
"Vijayawada","Bangalore","400"
"Vijayawada","Calcutta","16"
"Vijayawada","Chennai","1665"
"Vijayawada","Coimbatore","1"
"Vijayawada","Hyderabad","390"
"Vijayawada","Mumbai","8"
"Vijayawada","Nagpur","125"
"Vijayawada","Vijayawada","674"
"Vilnius","Boston","27"
"Vilnius","Hamburg","86"
"Vilnius","New_York","27"
"Vilnius","Philadelphia","1"
"Vilnius","Riga","45"
"Vilnius","Stockholm","80"
"Vilnius","Vilnius","6650"
"Vilnius","Warsaw","1105"
"Visakhapatnam","Bangalore","2"
"Visakhapatnam","Calcutta","381"
"Visakhapatnam","Chennai","45"
"Visakhapatnam","Hong_Kong","5"
"Visakhapatnam","Hyderabad","1267"
"Visakhapatnam","Ludhiana","1"
"Visakhapatnam","Mumbai","1"
"Visakhapatnam","Nagpur","4"
"Visakhapatnam","Vijayawada","67"
"Visakhapatnam","Visakhapatnam","1366"
"Warsaw","Amsterdam","14"
"Warsaw","Berlin","10"
"Warsaw","Boston","463"
"Warsaw","Frankfurt","20065"
"Warsaw","Helsinki","6"
"Warsaw","Katowice","1284"
"Warsaw","Kiev","10"
"Warsaw","New_York","456"
"Warsaw","Philadelphia","23"
"Warsaw","Vienna","2"
"Warsaw","Warsaw","78763"
"Washington_DC","Atlanta","119"
"Washington_DC","Boston","60"
"Washington_DC","Chicago","28"
"Washington_DC","Cleveland","80"
"Washington_DC","Dallas","5"
"Washington_DC","Detroit","1"
"Washington_DC","Los_Angeles","1"
"Washington_DC","Minneapolis","1"
"Washington_DC","New_York","7130"
"Washington_DC","Philadelphia","612"
"Washington_DC","Pittsburgh","2"
"Washington_DC","Seattle","2"
"Washington_DC","Washington_DC","163541"
"Wellington","Auckland","6968"
"Wellington","Wellington","40568"
"Wenzhou","Brussels","12"
"Wenzhou","Chengdu","2"
"Wenzhou","Dusseldorf","6"
"Wenzhou","Hangzhou","3"
"Wenzhou","Jinan","19"
"Wenzhou","Los_Angeles","1"
"Wenzhou","San_Jose","1"
"Wenzhou","Suzhou","12"
"Wenzhou","Taipei","1"
"Wenzhou","Wenzhou","101"
"Wenzhou","Zhumadian","5"
"Windhoek","Cape_Town","1491"
"Windhoek","Durban","66"
"Windhoek","Johannesburg","1616"
"Windhoek","Salvador","65"
"Windhoek","Windhoek","3467"
"Windsor","Chicago","509"
"Windsor","Minneapolis","80"
"Windsor","Montreal","463"
"Windsor","New_York","23"
"Windsor","Toronto","1376"
"Windsor","Vancouver","1"
"Windsor","Washington_DC","23"
"Windsor","Windsor","655"
"Winnipeg","Boston","7"
"Winnipeg","Calgary","2418"
"Winnipeg","Chicago","3378"
"Winnipeg","Detroit","2"
"Winnipeg","Kansas_City","3"
"Winnipeg","Minneapolis","3325"
"Winnipeg","Montreal","2009"
"Winnipeg","New_York","2"
"Winnipeg","Seattle","244"
"Winnipeg","Toronto","337"
"Winnipeg","Vancouver","2702"
"Winnipeg","Winnipeg","3828"
"Wuhan","Brussels","14"
"Wuhan","Chengdu","12"
"Wuhan","Chennai","2"
"Wuhan","Dallas","1"
"Wuhan","Dusseldorf","10"
"Wuhan","Jinan","26"
"Wuhan","Jingdezhen","105"
"Wuhan","Los_Angeles","15"
"Wuhan","Osaka","4"
"Wuhan","Prague","3"
"Wuhan","San_Jose","9"
"Wuhan","Seattle","3"
"Wuhan","Shijiazhuang","30"
"Wuhan","Singapore","25"
"Wuhan","Suzhou","82"
"Wuhan","Taipei","1"
"Wuhan","Tokyo","9"
"Wuhan","Wenzhou","14"
"Wuhan","Wuhan","36"
"Wuhan","Xian","13"
"Wuhan","Zhumadian","103"
"Xian","Amsterdam","1"
"Xian","Brussels","4"
"Xian","Chengdu","70"
"Xian","Chennai","1"
"Xian","Jinan","4"
"Xian","Jingdezhen","3"
"Xian","Osaka","1"
"Xian","Shijiazhuang","7"
"Xian","Singapore","4"
"Xian","Suzhou","56"
"Xian","Taipei","1"
"Xian","Tokyo","2"
"Xian","Vienna","1"
"Xian","Wenzhou","5"
"Xian","Wuhan","2"
"Xian","Xian","65"
"Xian","Zhumadian","5"
"Yamoussoukro","Brussels","2616"
"Yamoussoukro","Cape_Town","4441"
"Yamoussoukro","Johannesburg","2572"
"Yamoussoukro","Lisbon","7311"
"Yamoussoukro","London","553"
"Yamoussoukro","Madrid","16792"
"Yamoussoukro","Nairobi","3"
"Yamoussoukro","Palermo","3256"
"Yamoussoukro","Paris","1046"
"Yamoussoukro","Recife","25"
"Yamoussoukro","Rome","1873"
"Yamoussoukro","Yamoussoukro","10463"
"Yangon","Bangkok","1370"
"Yangon","Calcutta","4"
"Yangon","Chennai","567"
"Yangon","Honolulu","2334"
"Yangon","Kuala_Lumpur","937"
"Yangon","Los_Angeles","724"
"Yangon","Mandalay","629"
"Yangon","Milan","50"
"Yangon","Omaha","654"
"Yangon","San_Jose","126"
"Yangon","Singapore","2814"
"Yangon","Washington_DC","189"
"Yangon","Yangon","7942"
"Yaounde","Boston","2"
"Yaounde","Cape_Town","2026"
"Yaounde","Caracas","623"
"Yaounde","Johannesburg","11069"
"Yaounde","Madrid","824"
"Yaounde","Nairobi","6930"
"Yaounde","New_York","2"
"Yaounde","Palermo","755"
"Yaounde","Rome","1"
"Yaren","Auckland","7"
"Yaren","Brisbane","105"
"Yaren","Honolulu","3"
"Yekaterinburg","Frankfurt","1"
"Yekaterinburg","Helsinki","48"
"Yekaterinburg","Moscow","248"
"Yekaterinburg","New_York","1384"
"Yekaterinburg","Nizhny_Novgorod","74"
"Yekaterinburg","Novosibirsk","674"
"Yekaterinburg","Perm","4143"
"Yekaterinburg","Saint_Petersburg","942"
"Yekaterinburg","Samara","881"
"Yekaterinburg","Stockholm","18"
"Yekaterinburg","Yekaterinburg","24820"
"Yerevan","Amsterdam","49"
"Yerevan","Athens","21"
"Yerevan","Boston","84"
"Yerevan","Frankfurt","3106"
"Yerevan","Istanbul","4"
"Yerevan","Moscow","15403"
"Yerevan","Palermo","29"
"Yerevan","Rome","1056"
"Yerevan","Stockholm","36"
"Yerevan","Warsaw","6712"
"Yerevan","Yerevan","25248"
"Yogyakarta","Honolulu","5084"
"Yogyakarta","Jakarta","44465"
"Yogyakarta","Singapore","1011"
"Yogyakarta","Surabaya","36641"
"Yogyakarta","Tel_Aviv","17"
"Yogyakarta","Yogyakarta","32155"
"Zagreb","Athens","21"
"Zagreb","Belgrade","57"
"Zagreb","Boston","14"
"Zagreb","Dublin","2195"
"Zagreb","Frankfurt","27"
"Zagreb","Milan","18"
"Zagreb","New_York","11"
"Zagreb","Prague","3"
"Zagreb","Rome","55"
"Zagreb","Vienna","2092"
"Zagreb","Warsaw","38"
"Zagreb","Zagreb","2160"
"Zhumadian","Brussels","8"
"Zhumadian","Chengdu","17"
"Zhumadian","Dusseldorf","1"
"Zhumadian","Jingdezhen","15"
"Zhumadian","Los_Angeles","1"
"Zhumadian","Shijiazhuang","77"
"Zhumadian","Suzhou","17"
"Zhumadian","Taipei","77"
"Zhumadian","Wenzhou","3"
"Zhumadian","Wuhan","11"
"Zhumadian","Xian","45"
"Zhumadian","Zhumadian","199"
"Zurich","Bern","1155"
"Zurich","Boston","214"
"Zurich","Frankfurt","28"
"Zurich","Milan","1"
"Zurich","New_York","145"
"Zurich","Palermo","1"
"Zurich","Philadelphia","97"
"Zurich","Prague","18"
"Zurich","Rome","99"
"Zurich","Zurich","26309"